usage_count,destination_ip,hostname,timestamp,hop,hop_ip,rtt_ms,bandwidth_mbps
1,142.250.183.206,google.com,2025-04-15 10:42:43,1,172.29.144.1,0.266333,4977.777778
1,142.250.183.206,google.com,2025-04-15 10:42:43,2,10.7.0.2,10.194667,4355.555556
1,142.250.183.206,google.com,2025-04-15 10:42:43,3,10.1.0.3,2.961000,4044.444444
1,142.250.183.206,google.com,2025-04-15 10:42:43,4,172.16.4.4,3.398000,2803.497814
1,142.250.183.206,google.com,2025-04-15 10:42:43,5,14.139.98.1,6.434333,3577.777778
1,142.250.183.206,google.com,2025-04-15 10:42:43,6,10.117.81.253,3.051000,4977.777778
1,142.250.183.206,google.com,2025-04-15 10:42:43,7,10.154.8.137,14.321667,3733.333333
1,142.250.183.206,google.com,2025-04-15 10:42:43,8,10.255.239.170,20.918333,3422.222222
1,142.250.183.206,google.com,2025-04-15 10:42:43,9,10.152.7.214,17.157333,3328.888889
1,142.250.183.206,google.com,2025-04-15 10:42:43,11,142.251.76.31,15.777667,3422.222222
1,142.250.183.206,google.com,2025-04-15 10:42:43,12,142.251.64.9,14.726333,3422.222222
1,142.250.183.206,google.com,2025-04-15 10:42:43,13,142.250.183.206,17.107000,N/A
2,142.250.206.110,google.com,2025-04-15 10:49:05,1,172.29.144.1,0.204667,7466.666667
2,142.250.206.110,google.com,2025-04-15 10:49:05,2,10.7.0.2,5.866000,3733.333333
2,142.250.206.110,google.com,2025-04-15 10:49:05,3,10.1.0.3,3.106000,3733.333333
2,142.250.206.110,google.com,2025-04-15 10:49:05,4,172.16.4.4,3.397000,3266.666667
2,142.250.206.110,google.com,2025-04-15 10:49:05,5,14.139.98.1,4.895000,4355.555556
2,142.250.206.110,google.com,2025-04-15 10:49:05,6,10.117.81.253,3.591667,3733.333333
2,142.250.206.110,google.com,2025-04-15 10:49:05,7,10.154.8.137,20.527333,3733.333333
2,142.250.206.110,google.com,2025-04-15 10:49:05,8,10.255.239.170,18.615333,3733.333333
2,142.250.206.110,google.com,2025-04-15 10:49:05,9,10.152.7.214,15.012667,3733.333333
2,142.250.206.110,google.com,2025-04-15 10:49:05,10,142.250.172.80,56.838333,3888.888889
2,142.250.206.110,google.com,2025-04-15 10:49:05,11,72.14.238.215,15.947333,3173.333333
2,142.250.206.110,google.com,2025-04-15 10:49:05,12,192.178.110.104,15.522500,3266.666667
2,142.250.206.110,google.com,2025-04-15 10:49:05,13,172.253.68.121,15.149333,3017.777778
2,142.250.206.110,google.com,2025-04-15 10:49:05,14,108.170.232.203,37.825333,2462.222222
2,142.250.206.110,google.com,2025-04-15 10:49:05,15,72.14.233.106,47.605333,2488.888889
2,142.250.206.110,google.com,2025-04-15 10:49:05,16,192.178.83.207,38.811333,2955.555556
2,142.250.206.110,google.com,2025-04-15 10:49:05,17,142.251.76.193,38.366667,2542.690058
2,142.250.206.110,google.com,2025-04-15 10:49:05,18,142.250.206.110,37.844000,N/A
3,142.250.206.110,google.com,2025-04-15 10:50:44,1,172.29.144.1,0.168333,8400.000000
3,142.250.206.110,google.com,2025-04-15 10:50:44,2,10.7.0.2,11.180000,3733.333333
3,142.250.206.110,google.com,2025-04-15 10:50:44,3,10.1.0.3,3.092333,3736.074400
3,142.250.206.110,google.com,2025-04-15 10:50:44,4,172.16.4.4,3.448333,4666.666667
3,142.250.206.110,google.com,2025-04-15 10:50:44,5,14.139.98.1,4.500333,3733.333333
3,142.250.206.110,google.com,2025-04-15 10:50:44,6,10.117.81.253,3.330333,5288.888889
3,142.250.206.110,google.com,2025-04-15 10:50:44,7,10.154.8.137,14.333000,3577.777778
3,142.250.206.110,google.com,2025-04-15 10:50:44,8,10.255.239.170,18.911000,3111.111111
3,142.250.206.110,google.com,2025-04-15 10:50:44,9,10.152.7.214,16.257000,3422.222222
3,142.250.206.110,google.com,2025-04-15 10:50:44,10,142.250.172.80,74.893000,3733.333333
3,142.250.206.110,google.com,2025-04-15 10:50:44,11,72.14.238.215,16.125333,3422.222222
3,142.250.206.110,google.com,2025-04-15 10:50:44,12,192.178.110.104,16.828333,3173.333333
3,142.250.206.110,google.com,2025-04-15 10:50:44,13,172.253.68.121,17.584333,3733.333333
3,142.250.206.110,google.com,2025-04-15 10:50:44,14,108.170.232.203,55.807667,2862.222222
3,142.250.206.110,google.com,2025-04-15 10:50:44,15,72.14.233.106,43.417000,2320.000000
3,142.250.206.110,google.com,2025-04-15 10:50:44,16,192.178.83.207,40.803667,2706.666667
3,142.250.206.110,google.com,2025-04-15 10:50:44,17,142.251.76.193,38.850000,2706.666667
3,142.250.206.110,google.com,2025-04-15 10:50:44,18,142.250.206.110,39.748000,N/A
1,157.240.16.174,instagram.com,2025-04-15 10:53:56,1,172.29.144.1,0.178667,5600.000000
1,157.240.16.174,instagram.com,2025-04-15 10:53:56,2,10.7.0.5,3.269667,3733.333333
1,157.240.16.174,instagram.com,2025-04-15 10:53:56,3,172.16.4.4,3.305000,3733.333333
1,157.240.16.174,instagram.com,2025-04-15 10:53:56,4,14.139.98.1,5.270000,4355.555556
1,157.240.16.174,instagram.com,2025-04-15 10:53:56,5,10.117.81.253,3.097667,4044.444444
1,157.240.16.174,instagram.com,2025-04-15 10:53:56,6,10.154.8.137,14.612333,3017.777778
1,157.240.16.174,instagram.com,2025-04-15 10:53:56,7,10.255.239.170,18.365333,3111.111111
1,157.240.16.174,instagram.com,2025-04-15 10:53:56,8,10.152.7.214,14.910000,3111.111111
1,157.240.16.174,instagram.com,2025-04-15 10:53:56,9,157.240.66.204,18.692667,2862.222222
1,157.240.16.174,instagram.com,2025-04-15 10:53:56,10,129.134.51.80,20.342667,3111.111111
1,157.240.16.174,instagram.com,2025-04-15 10:53:56,11,157.240.58.186,16.125000,2706.666667
1,157.240.16.174,instagram.com,2025-04-15 10:53:56,13,157.240.16.174,15.091000,3266.666667
3,157.240.16.174,instagram.com,2025-04-15 11:04:31,1,172.29.144.1,0.165000,5600.000000
3,157.240.16.174,instagram.com,2025-04-15 11:04:31,2,10.7.0.5,3.411667,3733.333333
3,157.240.16.174,instagram.com,2025-04-15 11:04:31,3,172.16.4.4,4.034667,2807.225806
3,157.240.16.174,instagram.com,2025-04-15 11:04:31,4,14.139.98.1,5.006333,3733.333333
3,157.240.16.174,instagram.com,2025-04-15 11:04:31,5,10.117.81.253,4.163000,3577.777778
3,157.240.16.174,instagram.com,2025-04-15 11:04:31,6,10.154.8.137,18.077333,2911.111111
3,157.240.16.174,instagram.com,2025-04-15 11:04:31,7,10.255.239.170,18.544000,3266.666667
3,157.240.16.174,instagram.com,2025-04-15 11:04:31,8,10.152.7.214,16.911667,3422.222222
3,157.240.16.174,instagram.com,2025-04-15 11:04:31,9,157.240.66.204,28.351667,2800.000000
3,157.240.16.174,instagram.com,2025-04-15 11:04:31,10,129.134.51.80,24.374667,3422.222222
3,157.240.16.174,instagram.com,2025-04-15 11:04:31,11,157.240.58.186,15.607000,3422.222222
3,157.240.16.174,instagram.com,2025-04-15 11:04:31,13,157.240.16.174,14.526000,2800.000000
4,57.144.176.34,instagram.com,2025-04-15 11:09:48,1,172.29.144.1,0.230333,6533.333333
4,57.144.176.34,instagram.com,2025-04-15 11:09:48,2,10.7.0.5,2.833333,4977.777778
4,57.144.176.34,instagram.com,2025-04-15 11:09:48,3,172.16.4.4,3.644667,5600.000000
4,57.144.176.34,instagram.com,2025-04-15 11:09:48,4,14.139.98.1,5.274000,3733.333333
4,57.144.176.34,instagram.com,2025-04-15 11:09:48,5,10.117.81.253,3.208667,3733.333333
4,57.144.176.34,instagram.com,2025-04-15 11:09:48,6,10.154.8.137,14.483000,3733.333333
4,57.144.176.34,instagram.com,2025-04-15 11:09:48,7,10.255.239.170,17.005000,2862.222222
4,57.144.176.34,instagram.com,2025-04-15 11:09:48,8,10.152.7.38,13.098000,2911.111111
4,57.144.176.34,instagram.com,2025-04-15 11:09:48,9,157.240.68.238,26.087667,3733.333333
4,57.144.176.34,instagram.com,2025-04-15 11:09:48,10,129.134.50.252,18.342000,3422.222222
4,57.144.176.34,instagram.com,2025-04-15 11:09:48,11,129.134.84.44,15.258667,3733.333333
4,57.144.176.34,instagram.com,2025-04-15 11:09:48,13,57.144.176.34,16.814000,1866.666667
5,57.144.176.34,instagram.com,2025-04-15 11:12:19,1,172.29.144.1,0.162667,5600.000000
5,57.144.176.34,instagram.com,2025-04-15 11:12:19,2,10.7.0.5,3.123000,3733.333333
5,57.144.176.34,instagram.com,2025-04-15 11:12:19,3,172.16.4.4,8.869333,1869.516539
5,57.144.176.34,instagram.com,2025-04-15 11:12:19,4,14.139.98.1,66.783667,3733.333333
5,57.144.176.34,instagram.com,2025-04-15 11:12:19,5,10.117.81.253,3.140667,3733.333333
5,57.144.176.34,instagram.com,2025-04-15 11:12:19,6,10.154.8.137,36.805667,3733.333333
5,57.144.176.34,instagram.com,2025-04-15 11:12:19,7,10.255.239.170,41.550333,3422.222222
5,57.144.176.34,instagram.com,2025-04-15 11:12:19,8,10.152.7.38,22.919667,3733.333333
5,57.144.176.34,instagram.com,2025-04-15 11:12:19,9,157.240.68.238,130.382000,3733.333333
5,57.144.176.34,instagram.com,2025-04-15 11:12:19,10,129.134.50.252,53.245333,3328.888889
5,57.144.176.34,instagram.com,2025-04-15 11:12:19,11,129.134.84.44,15.010667,3422.222222
5,57.144.176.34,instagram.com,2025-04-15 11:12:19,13,57.144.176.34,16.588000,3733.333333
4,142.250.183.14,google.com,2025-04-15 11:14:21,1,172.29.144.1,0.253667,5600.000000
4,142.250.183.14,google.com,2025-04-15 11:14:21,2,10.7.0.2,7.988000,3733.333333
4,142.250.183.14,google.com,2025-04-15 11:14:21,3,10.1.0.3,3.025333,3733.333333
4,142.250.183.14,google.com,2025-04-15 11:14:21,4,172.16.4.4,6.474667,3733.333333
4,142.250.183.14,google.com,2025-04-15 11:14:21,5,14.139.98.1,5.136333,3733.333333
4,142.250.183.14,google.com,2025-04-15 11:14:21,6,10.117.81.253,6.879333,3733.333333
4,142.250.183.14,google.com,2025-04-15 11:14:21,7,10.154.8.137,14.321333,3266.666667
4,142.250.183.14,google.com,2025-04-15 11:14:21,8,10.255.239.170,17.470000,3577.777778
4,142.250.183.14,google.com,2025-04-15 11:14:21,9,10.152.7.214,15.568333,3266.666667
4,142.250.183.14,google.com,2025-04-15 11:14:21,10,72.14.204.62,13.777667,3266.666667
4,142.250.183.14,google.com,2025-04-15 11:14:21,11,142.251.76.33,14.465667,3422.222222
4,142.250.183.14,google.com,2025-04-15 11:14:21,12,142.250.214.107,14.796000,2955.555556
4,142.250.183.14,google.com,2025-04-15 11:14:21,13,142.250.183.14,13.975000,N/A
5,142.250.70.78,google.com,2025-04-15 14:32:00,1,172.29.144.1,0.478667,1991.111111
5,142.250.70.78,google.com,2025-04-15 14:32:00,2,10.7.0.2,10.337000,452.641311
5,142.250.70.78,google.com,2025-04-15 14:32:00,3,10.1.0.3,6.479667,1655.555556
5,142.250.70.78,google.com,2025-04-15 14:32:00,4,172.16.4.4,4.477333,1500.000000
5,142.250.70.78,google.com,2025-04-15 14:32:00,5,14.139.98.1,6.858333,1655.555556
5,142.250.70.78,google.com,2025-04-15 14:32:00,6,10.117.81.253,2.230333,1083.188451
5,142.250.70.78,google.com,2025-04-15 14:32:00,7,10.154.8.137,15.766000,1220.467836
5,142.250.70.78,google.com,2025-04-15 14:32:00,8,10.255.239.170,16.117333,1067.561375
5,142.250.70.78,google.com,2025-04-15 14:32:00,9,10.152.7.214,15.269333,1202.962963
5,142.250.70.78,google.com,2025-04-15 14:32:00,10,142.250.172.80,38.665000,763.076529
5,142.250.70.78,google.com,2025-04-15 14:32:00,11,142.251.76.23,20.475000,476.014537
5,142.250.70.78,google.com,2025-04-15 14:32:00,12,192.178.86.203,16.117667,1056.348388
5,142.250.70.78,google.com,2025-04-15 14:32:00,13,142.250.70.78,58.358000,N/A
6,142.250.194.78,google.com,2025-04-15 16:20:20,1,172.29.144.1,0.234000,11200.000000
6,142.250.194.78,google.com,2025-04-15 16:20:20,2,10.7.0.2,7.562333,3733.333333
6,142.250.194.78,google.com,2025-04-15 16:20:20,3,10.1.0.3,3.433333,4355.555556
6,142.250.194.78,google.com,2025-04-15 16:20:20,4,172.16.4.4,4.608667,4666.666667
6,142.250.194.78,google.com,2025-04-15 16:20:20,5,14.139.98.1,4.701667,3733.333333
6,142.250.194.78,google.com,2025-04-15 16:20:20,6,10.117.81.253,2.964333,3733.333333
6,142.250.194.78,google.com,2025-04-15 16:20:20,7,10.154.8.137,16.663333,3577.777778
6,142.250.194.78,google.com,2025-04-15 16:20:20,8,10.255.239.170,13.267667,3577.777778
6,142.250.194.78,google.com,2025-04-15 16:20:20,9,10.152.7.214,13.860667,3017.777778
6,142.250.194.78,google.com,2025-04-15 16:20:20,10,142.250.172.80,16.813667,2768.888889
6,142.250.194.78,google.com,2025-04-15 16:20:20,11,142.251.76.23,18.446667,3111.111111
6,142.250.194.78,google.com,2025-04-15 16:20:20,12,142.250.226.66,17.785333,3422.222222
6,142.250.194.78,google.com,2025-04-15 16:20:20,13,108.170.232.203,38.359333,2800.000000
6,142.250.194.78,google.com,2025-04-15 16:20:20,14,192.178.83.221,36.747667,2613.333333
6,142.250.194.78,google.com,2025-04-15 16:20:20,15,142.251.49.115,34.654333,2862.222222
6,142.250.194.78,google.com,2025-04-15 16:20:20,16,142.250.194.78,44.047000,N/A
9,142.250.199.142,google.com,2025-04-15 16:55:47,1,172.29.144.1,0.565000,2177.777778
9,142.250.199.142,google.com,2025-04-15 16:55:47,2,10.7.0.2,11.077667,1777.777778
9,142.250.199.142,google.com,2025-04-15 16:55:47,3,10.1.0.3,3.812667,1946.666667
9,142.250.199.142,google.com,2025-04-15 16:55:47,4,172.16.4.4,5.410333,1600.000000
9,142.250.199.142,google.com,2025-04-15 16:55:47,5,14.139.98.1,5.979333,1566.666667
9,142.250.199.142,google.com,2025-04-15 16:55:47,6,10.117.81.253,3.716333,1866.666667
9,142.250.199.142,google.com,2025-04-15 16:55:47,7,10.154.8.137,19.150000,1777.777778
9,142.250.199.142,google.com,2025-04-15 16:55:47,8,10.255.239.170,15.361000,1358.757385
9,142.250.199.142,google.com,2025-04-15 16:55:47,9,10.152.7.214,18.852667,1533.333333
9,142.250.199.142,google.com,2025-04-15 16:55:47,11,142.251.76.23,18.386333,1054.586895
9,142.250.199.142,google.com,2025-04-15 16:55:47,12,142.251.77.101,16.141000,1165.772187
9,142.250.199.142,google.com,2025-04-15 16:55:47,13,142.250.199.142,16.620000,N/A
10,142.251.42.14,google.com,2025-04-15 22:06:33,1,172.29.144.1,0.185667,5600.000000
10,142.251.42.14,google.com,2025-04-15 22:06:33,2,10.7.0.2,13.092000,3577.777778
10,142.251.42.14,google.com,2025-04-15 22:06:33,3,10.1.0.3,38.790333,3266.666667
10,142.251.42.14,google.com,2025-04-15 22:06:33,4,172.16.4.4,10.241000,2520.000000
10,142.251.42.14,google.com,2025-04-15 22:06:33,5,14.139.98.1,11.692000,3733.333333
10,142.251.42.14,google.com,2025-04-15 22:06:33,6,10.117.81.253,20.868667,3733.333333
10,142.251.42.14,google.com,2025-04-15 22:06:33,7,10.154.8.137,36.525000,3422.222222
10,142.251.42.14,google.com,2025-04-15 22:06:33,8,10.255.239.170,21.536333,3577.777778
10,142.251.42.14,google.com,2025-04-15 22:06:33,9,10.152.7.214,22.783333,1434.917064
10,142.251.42.14,google.com,2025-04-15 22:06:33,11,72.14.238.215,172.635667,2862.222222
10,142.251.42.14,google.com,2025-04-15 22:06:33,12,209.85.250.139,18.998667,3422.222222
10,142.251.42.14,google.com,2025-04-15 22:06:33,13,142.251.42.14,24.494000,N/A
11,142.250.193.78,google.com,2025-04-15 22:18:55,1,172.29.144.1,0.145667,9333.333333
11,142.250.193.78,google.com,2025-04-15 22:18:55,2,10.7.0.2,10.525333,3733.333333
11,142.250.193.78,google.com,2025-04-15 22:18:55,3,10.1.0.3,2.765333,3113.194444
11,142.250.193.78,google.com,2025-04-15 22:18:55,4,172.16.4.4,3.412667,1871.716261
11,142.250.193.78,google.com,2025-04-15 22:18:55,5,14.139.98.1,5.767000,3733.333333
11,142.250.193.78,google.com,2025-04-15 22:18:55,6,10.117.81.253,6.872333,3733.333333
11,142.250.193.78,google.com,2025-04-15 22:18:55,7,10.154.8.137,21.843333,3266.666667
11,142.250.193.78,google.com,2025-04-15 22:18:55,8,10.255.239.170,20.629333,3422.222222
11,142.250.193.78,google.com,2025-04-15 22:18:55,9,10.152.7.214,13.746000,3422.222222
11,142.250.193.78,google.com,2025-04-15 22:18:55,10,142.250.172.80,17.723333,3422.222222
11,142.250.193.78,google.com,2025-04-15 22:18:55,11,142.251.76.23,20.332000,3266.666667
11,142.250.193.78,google.com,2025-04-15 22:18:55,12,142.250.226.66,22.031000,3577.777778
11,142.250.193.78,google.com,2025-04-15 22:18:55,13,108.170.232.203,39.496333,3577.777778
11,142.250.193.78,google.com,2025-04-15 22:18:55,14,209.85.241.161,38.212333,2447.646274
11,142.250.193.78,google.com,2025-04-15 22:18:55,15,192.178.252.112,40.469000,2520.000000
11,142.250.193.78,google.com,2025-04-15 22:18:55,16,192.178.82.237,40.235333,3111.111111
11,142.250.193.78,google.com,2025-04-15 22:18:55,17,142.251.54.85,40.203667,3422.222222
11,142.250.193.78,google.com,2025-04-15 22:18:55,18,142.250.193.78,40.815333,N/A
12,142.250.199.174,google.com,2025-04-15 23:07:04,1,172.29.144.1,0.567000,1991.111111
12,142.250.199.174,google.com,2025-04-15 23:07:04,2,10.7.0.2,7.283667,1751.111111
12,142.250.199.174,google.com,2025-04-15 23:07:04,3,10.1.0.3,2.529333,701.168509
12,142.250.199.174,google.com,2025-04-15 23:07:04,4,172.16.4.4,3.716000,1866.666667
12,142.250.199.174,google.com,2025-04-15 23:07:04,5,14.139.98.1,5.234000,1655.555556
12,142.250.199.174,google.com,2025-04-15 23:07:04,6,10.117.81.253,3.357667,1762.222222
12,142.250.199.174,google.com,2025-04-15 23:07:04,7,10.154.8.137,15.155667,1332.478632
12,142.250.199.174,google.com,2025-04-15 23:07:04,8,10.255.239.170,17.542333,1330.437710
12,142.250.199.174,google.com,2025-04-15 23:07:04,9,10.152.7.214,17.495333,1551.851852
12,142.250.199.174,google.com,2025-04-15 23:07:04,10,142.250.172.80,21.445333,1655.555556
12,142.250.199.174,google.com,2025-04-15 23:07:04,11,142.251.76.31,19.708333,1344.444444
12,142.250.199.174,google.com,2025-04-15 23:07:04,12,108.170.234.157,14.377333,1500.000000
12,142.250.199.174,google.com,2025-04-15 23:07:04,13,142.250.199.174,17.757000,N/A
13,142.250.182.174,google.com,2025-04-15 23:10:05,1,172.29.144.1,0.945000,1866.666667
13,142.250.182.174,google.com,2025-04-15 23:10:05,2,10.7.0.2,15.998333,1386.666667
13,142.250.182.174,google.com,2025-04-15 23:10:05,3,10.1.0.3,4.009333,1049.569550
13,142.250.182.174,google.com,2025-04-15 23:10:05,4,172.16.4.4,5.951333,1127.446809
13,142.250.182.174,google.com,2025-04-15 23:10:05,5,14.139.98.1,8.425000,1868.888889
13,142.250.182.174,google.com,2025-04-15 23:10:05,6,10.117.81.253,4.737667,1788.888889
13,142.250.182.174,google.com,2025-04-15 23:10:05,7,10.154.8.137,14.064000,1511.111111
13,142.250.182.174,google.com,2025-04-15 23:10:05,8,10.255.239.170,17.502000,1414.814815
13,142.250.182.174,google.com,2025-04-15 23:10:05,9,10.152.7.214,14.938000,1596.296296
13,142.250.182.174,google.com,2025-04-15 23:10:05,10,142.250.172.80,19.048333,1448.148148
13,142.250.182.174,google.com,2025-04-15 23:10:05,11,74.125.37.7,15.871333,1268.148148
13,142.250.182.174,google.com,2025-04-15 23:10:05,12,192.178.110.208,16.654333,1588.888889
13,142.250.182.174,google.com,2025-04-15 23:10:05,13,142.250.46.171,18.379000,1533.333333
13,142.250.182.174,google.com,2025-04-15 23:10:05,14,172.253.68.120,16.138000,1505.185185
13,142.250.182.174,google.com,2025-04-15 23:10:05,15,172.253.51.137,38.529000,1170.437710
13,142.250.182.174,google.com,2025-04-15 23:10:05,16,142.250.63.53,39.222000,1254.208754
13,142.250.182.174,google.com,2025-04-15 23:10:05,17,216.239.49.37,39.955000,1121.994302
13,142.250.182.174,google.com,2025-04-15 23:10:05,18,142.250.182.174,41.882333,N/A
14,142.250.207.206,google.com,2025-04-15 23:13:20,1,172.29.144.1,0.501000,2115.555556
14,142.250.207.206,google.com,2025-04-15 23:13:20,2,10.7.0.2,7.768000,1073.514431
14,142.250.207.206,google.com,2025-04-15 23:13:20,3,10.1.0.3,4.490667,1474.074074
14,142.250.207.206,google.com,2025-04-15 23:13:20,4,172.16.4.4,6.095333,1127.865169
14,142.250.207.206,google.com,2025-04-15 23:13:20,5,14.139.98.1,5.631333,1688.888889
14,142.250.207.206,google.com,2025-04-15 23:13:20,6,10.117.81.253,3.875000,1147.137502
14,142.250.207.206,google.com,2025-04-15 23:13:20,7,10.154.8.137,14.825333,1127.360787
14,142.250.207.206,google.com,2025-04-15 23:13:20,8,10.255.239.170,17.470667,1356.363636
14,142.250.207.206,google.com,2025-04-15 23:13:20,9,10.152.7.214,15.597333,1388.888889
14,142.250.207.206,google.com,2025-04-15 23:13:20,11,142.251.76.31,16.127333,1503.703704
14,142.250.207.206,google.com,2025-04-15 23:13:20,12,192.178.111.60,19.599000,1500.000000
14,142.250.207.206,google.com,2025-04-15 23:13:20,13,108.170.232.203,40.955000,1533.333333
14,142.250.207.206,google.com,2025-04-15 23:13:20,14,192.178.83.221,37.118333,1596.296296
14,142.250.207.206,google.com,2025-04-15 23:13:20,15,142.251.76.169,37.636000,1410.437710
14,142.250.207.206,google.com,2025-04-15 23:13:20,16,142.250.207.206,38.449000,N/A
15,142.250.192.238,google.com,2025-04-15 23:38:23,1,172.29.144.1,0.649000,1946.666667
15,142.250.192.238,google.com,2025-04-15 23:38:23,2,10.7.0.2,10.428667,1238.518519
15,142.250.192.238,google.com,2025-04-15 23:38:23,3,10.1.0.3,2.956000,1611.851852
15,142.250.192.238,google.com,2025-04-15 23:38:23,4,172.16.4.4,3.962333,15.866145
15,142.250.192.238,google.com,2025-04-15 23:38:23,5,14.139.98.1,5.103333,1611.111111
15,142.250.192.238,google.com,2025-04-15 23:38:23,6,10.117.81.253,10.088667,1868.888889
15,142.250.192.238,google.com,2025-04-15 23:38:23,7,10.154.8.137,14.923000,1144.444444
15,142.250.192.238,google.com,2025-04-15 23:38:23,8,10.255.239.170,18.265333,994.949495
15,142.250.192.238,google.com,2025-04-15 23:38:23,9,10.152.7.214,18.406667,1275.555556
15,142.250.192.238,google.com,2025-04-15 23:38:23,10,72.14.204.62,15.713667,1117.171717
15,142.250.192.238,google.com,2025-04-15 23:38:23,11,142.251.76.33,18.899333,1249.629630
15,142.250.192.238,google.com,2025-04-15 23:38:23,12,192.178.110.244,16.031333,1185.993266
15,142.250.192.238,google.com,2025-04-15 23:38:23,13,172.253.51.137,36.231000,968.034188
15,142.250.192.238,google.com,2025-04-15 23:38:23,14,172.253.66.106,37.988333,1028.956229
15,142.250.192.238,google.com,2025-04-15 23:38:23,15,192.178.82.237,40.280333,1288.148148
15,142.250.192.238,google.com,2025-04-15 23:38:23,16,142.251.54.65,38.382000,1123.771044
15,142.250.192.238,google.com,2025-04-15 23:38:23,17,142.250.192.238,38.088000,N/A
2,8.8.8.8,8.8.8.8,2025-04-16 02:05:48,1,172.29.144.1,0.551333,N/A
2,8.8.8.8,8.8.8.8,2025-04-16 02:05:48,2,10.7.0.5,3.285000,N/A
2,8.8.8.8,8.8.8.8,2025-04-16 02:05:48,3,172.16.4.4,11.478667,N/A
2,8.8.8.8,8.8.8.8,2025-04-16 02:05:48,4,14.139.98.1,7.655000,N/A
2,8.8.8.8,8.8.8.8,2025-04-16 02:05:48,5,10.117.81.253,3.994000,N/A
2,8.8.8.8,8.8.8.8,2025-04-16 02:05:48,6,10.154.8.137,14.152667,N/A
2,8.8.8.8,8.8.8.8,2025-04-16 02:05:48,7,10.255.239.170,14.754667,N/A
2,8.8.8.8,8.8.8.8,2025-04-16 02:05:48,8,10.152.7.214,14.600333,N/A
2,8.8.8.8,8.8.8.8,2025-04-16 02:05:48,9,72.14.204.62,14.058667,N/A
2,8.8.8.8,8.8.8.8,2025-04-16 02:05:48,10,142.251.76.27,16.436333,N/A
2,8.8.8.8,8.8.8.8,2025-04-16 02:05:48,11,142.250.238.203,17.092667,N/A
2,8.8.8.8,8.8.8.8,2025-04-16 02:05:48,12,8.8.8.8,18.603667,N/A
3,8.8.8.8,8.8.8.8,2025-04-16 03:37:00,1,172.29.144.1,0.855667,N/A
3,8.8.8.8,8.8.8.8,2025-04-16 03:37:00,2,10.7.0.5,3.650667,N/A
3,8.8.8.8,8.8.8.8,2025-04-16 03:37:00,3,172.16.4.4,4.632000,N/A
3,8.8.8.8,8.8.8.8,2025-04-16 03:37:00,4,14.139.98.1,6.089000,N/A
3,8.8.8.8,8.8.8.8,2025-04-16 03:37:00,5,10.117.81.253,3.523000,N/A
3,8.8.8.8,8.8.8.8,2025-04-16 03:37:00,6,10.154.8.137,15.302000,N/A
3,8.8.8.8,8.8.8.8,2025-04-16 03:37:00,7,10.255.239.170,22.443000,N/A
3,8.8.8.8,8.8.8.8,2025-04-16 03:37:00,8,10.152.7.214,22.285000,N/A
3,8.8.8.8,8.8.8.8,2025-04-16 03:37:00,9,72.14.204.62,13.897000,N/A
3,8.8.8.8,8.8.8.8,2025-04-16 03:37:00,10,142.251.76.27,16.683667,N/A
3,8.8.8.8,8.8.8.8,2025-04-16 03:37:00,11,142.250.238.203,17.073667,N/A
3,8.8.8.8,8.8.8.8,2025-04-16 03:37:00,12,8.8.8.8,15.113000,N/A
4,8.8.8.8,8.8.8.8,2025-04-16 03:38:06,1,172.29.144.1,0.461333,N/A
4,8.8.8.8,8.8.8.8,2025-04-16 03:38:06,2,10.7.0.5,3.520667,N/A
4,8.8.8.8,8.8.8.8,2025-04-16 03:38:06,3,172.16.4.4,6.242667,N/A
4,8.8.8.8,8.8.8.8,2025-04-16 03:38:06,4,14.139.98.1,8.332000,N/A
4,8.8.8.8,8.8.8.8,2025-04-16 03:38:06,5,10.117.81.253,4.359000,N/A
4,8.8.8.8,8.8.8.8,2025-04-16 03:38:06,6,10.154.8.137,15.790333,N/A
4,8.8.8.8,8.8.8.8,2025-04-16 03:38:06,7,10.255.239.170,36.259667,N/A
4,8.8.8.8,8.8.8.8,2025-04-16 03:38:06,8,10.152.7.214,14.704667,N/A
4,8.8.8.8,8.8.8.8,2025-04-16 03:38:06,9,72.14.204.62,15.003333,N/A
4,8.8.8.8,8.8.8.8,2025-04-16 03:38:06,10,142.251.76.27,15.556667,N/A
4,8.8.8.8,8.8.8.8,2025-04-16 03:38:06,11,142.250.238.203,65.329333,N/A
4,8.8.8.8,8.8.8.8,2025-04-16 03:38:06,12,8.8.8.8,18.028000,N/A
16,172.217.167.238,google.com,2025-04-16 03:56:49,1,172.29.144.1,1.143333,N/A
16,172.217.167.238,google.com,2025-04-16 03:56:49,2,10.7.0.5,3.528333,N/A
16,172.217.167.238,google.com,2025-04-16 03:56:49,3,172.16.4.4,4.300333,N/A
16,172.217.167.238,google.com,2025-04-16 03:56:49,4,14.139.98.1,8.892667,N/A
16,172.217.167.238,google.com,2025-04-16 03:56:49,5,10.117.81.253,4.367000,N/A
16,172.217.167.238,google.com,2025-04-16 03:56:49,6,10.154.8.137,15.036667,N/A
16,172.217.167.238,google.com,2025-04-16 03:56:49,7,10.255.239.170,15.215667,N/A
16,172.217.167.238,google.com,2025-04-16 03:56:49,8,10.152.7.214,13.981000,N/A
16,172.217.167.238,google.com,2025-04-16 03:56:49,9,72.14.204.62,14.025000,N/A
16,172.217.167.238,google.com,2025-04-16 03:56:49,10,72.14.239.103,15.899333,N/A
16,172.217.167.238,google.com,2025-04-16 03:56:49,11,192.178.110.104,15.830333,N/A
16,172.217.167.238,google.com,2025-04-16 03:56:49,12,172.253.51.137,34.841000,N/A
16,172.217.167.238,google.com,2025-04-16 03:56:49,13,209.85.143.187,35.445000,N/A
16,172.217.167.238,google.com,2025-04-16 03:56:49,14,192.178.252.104,35.576333,N/A
16,172.217.167.238,google.com,2025-04-16 03:56:49,15,192.178.82.239,37.349333,N/A
16,172.217.167.238,google.com,2025-04-16 03:56:49,16,172.253.67.91,39.676000,N/A
16,172.217.167.238,google.com,2025-04-16 03:56:49,17,172.217.167.238,73.397000,N/A
17,142.250.192.110,google.com,2025-04-16 04:02:31,1,172.29.144.1,0.646000,N/A
17,142.250.192.110,google.com,2025-04-16 04:02:31,2,10.7.0.2,6.705667,N/A
17,142.250.192.110,google.com,2025-04-16 04:02:31,3,10.1.0.3,13.115667,N/A
17,142.250.192.110,google.com,2025-04-16 04:02:31,4,172.16.4.4,3.799000,N/A
17,142.250.192.110,google.com,2025-04-16 04:02:31,5,14.139.98.1,6.412000,N/A
17,142.250.192.110,google.com,2025-04-16 04:02:31,6,10.117.81.253,4.038333,N/A
17,142.250.192.110,google.com,2025-04-16 04:02:31,7,10.154.8.137,14.148667,N/A
17,142.250.192.110,google.com,2025-04-16 04:02:31,8,10.255.239.170,17.171000,N/A
17,142.250.192.110,google.com,2025-04-16 04:02:31,9,10.152.7.214,20.814000,N/A
17,142.250.192.110,google.com,2025-04-16 04:02:31,10,72.14.204.62,14.889333,N/A
17,142.250.192.110,google.com,2025-04-16 04:02:31,11,142.251.49.177,15.874333,N/A
17,142.250.192.110,google.com,2025-04-16 04:02:31,12,72.14.237.11,16.750667,N/A
17,142.250.192.110,google.com,2025-04-16 04:02:31,13,142.250.192.110,15.248333,N/A
18,142.250.206.142,google.com,2025-04-16 04:15:40,1,172.29.144.1,0.776000,N/A
18,142.250.206.142,google.com,2025-04-16 04:15:40,2,10.7.0.2,6.897000,N/A
18,142.250.206.142,google.com,2025-04-16 04:15:40,3,10.1.0.3,3.436333,N/A
18,142.250.206.142,google.com,2025-04-16 04:15:40,4,172.16.4.4,10.098333,N/A
18,142.250.206.142,google.com,2025-04-16 04:15:40,5,14.139.98.1,11.499000,N/A
18,142.250.206.142,google.com,2025-04-16 04:15:40,6,10.117.81.253,5.207667,N/A
18,142.250.206.142,google.com,2025-04-16 04:15:40,7,10.154.8.137,14.891333,N/A
18,142.250.206.142,google.com,2025-04-16 04:15:40,8,10.255.239.170,17.631667,N/A
18,142.250.206.142,google.com,2025-04-16 04:15:40,9,10.152.7.214,15.473333,N/A
18,142.250.206.142,google.com,2025-04-16 04:15:40,10,72.14.204.62,15.196667,N/A
18,142.250.206.142,google.com,2025-04-16 04:15:40,12,209.85.250.138,19.494000,N/A
18,142.250.206.142,google.com,2025-04-16 04:15:40,13,192.178.110.108,16.755333,N/A
18,142.250.206.142,google.com,2025-04-16 04:15:40,14,142.250.46.170,108.415000,N/A
18,142.250.206.142,google.com,2025-04-16 04:15:40,15,192.178.82.233,117.318000,N/A
18,142.250.206.142,google.com,2025-04-16 04:15:40,16,142.251.76.197,90.661333,N/A
18,142.250.206.142,google.com,2025-04-16 04:15:40,17,142.251.76.197,42.203000,N/A
18,142.250.206.142,google.com,2025-04-16 04:15:40,18,142.250.206.142,38.432500,N/A
19,142.250.206.142,google.com,2025-04-16 04:17:49,1,172.29.144.1,0.783000,N/A
19,142.250.206.142,google.com,2025-04-16 04:17:49,2,10.7.0.2,12.781667,N/A
19,142.250.206.142,google.com,2025-04-16 04:17:49,3,10.1.0.3,4.122333,N/A
19,142.250.206.142,google.com,2025-04-16 04:17:49,4,172.16.4.4,6.923000,N/A
19,142.250.206.142,google.com,2025-04-16 04:17:49,5,14.139.98.1,15.446000,N/A
19,142.250.206.142,google.com,2025-04-16 04:17:49,6,10.117.81.253,4.119000,N/A
19,142.250.206.142,google.com,2025-04-16 04:17:49,7,10.154.8.137,19.035333,N/A
19,142.250.206.142,google.com,2025-04-16 04:17:49,8,10.255.239.170,15.864667,N/A
19,142.250.206.142,google.com,2025-04-16 04:17:49,9,10.152.7.214,14.719667,N/A
19,142.250.206.142,google.com,2025-04-16 04:17:49,10,72.14.204.62,16.796667,N/A
19,142.250.206.142,google.com,2025-04-16 04:17:49,12,209.85.250.138,19.534667,N/A
19,142.250.206.142,google.com,2025-04-16 04:17:49,13,142.250.208.226,25.556667,N/A
19,142.250.206.142,google.com,2025-04-16 04:17:49,14,172.253.68.120,17.375333,N/A
19,142.250.206.142,google.com,2025-04-16 04:17:49,15,192.178.83.207,114.481333,N/A
19,142.250.206.142,google.com,2025-04-16 04:17:49,16,142.251.76.199,100.065667,N/A
19,142.250.206.142,google.com,2025-04-16 04:17:49,17,192.178.82.233,84.749667,N/A
19,142.250.206.142,google.com,2025-04-16 04:17:49,18,142.250.206.142,92.976000,N/A
20,142.250.194.238,google.com,2025-04-16 04:21:20,1,172.29.144.1,0.605667,N/A
20,142.250.194.238,google.com,2025-04-16 04:21:20,2,10.7.0.2,9.812000,N/A
20,142.250.194.238,google.com,2025-04-16 04:21:20,3,10.1.0.3,5.306667,N/A
20,142.250.194.238,google.com,2025-04-16 04:21:20,4,172.16.4.4,3.866000,N/A
20,142.250.194.238,google.com,2025-04-16 04:21:20,5,14.139.98.1,8.363000,N/A
20,142.250.194.238,google.com,2025-04-16 04:21:20,6,10.117.81.253,4.631000,N/A
20,142.250.194.238,google.com,2025-04-16 04:21:20,7,10.154.8.137,14.432667,N/A
20,142.250.194.238,google.com,2025-04-16 04:21:20,8,10.255.239.170,30.881333,N/A
20,142.250.194.238,google.com,2025-04-16 04:21:20,9,10.152.7.214,14.387000,N/A
20,142.250.194.238,google.com,2025-04-16 04:21:20,10,72.14.204.62,15.547000,N/A
20,142.250.194.238,google.com,2025-04-16 04:21:20,11,142.251.76.27,14.910000,N/A
20,142.250.194.238,google.com,2025-04-16 04:21:20,12,142.250.208.226,16.310333,N/A
20,142.250.194.238,google.com,2025-04-16 04:21:20,13,172.253.51.137,37.894333,N/A
20,142.250.194.238,google.com,2025-04-16 04:21:20,14,209.85.143.187,40.036667,N/A
20,142.250.194.238,google.com,2025-04-16 04:21:20,15,192.178.252.104,37.434667,N/A
20,142.250.194.238,google.com,2025-04-16 04:21:20,16,192.178.83.227,42.696667,N/A
20,142.250.194.238,google.com,2025-04-16 04:21:20,17,142.251.52.215,89.039333,N/A
20,142.250.194.238,google.com,2025-04-16 04:21:20,18,142.250.194.238,49.764000,N/A
21,142.250.207.206,google.com,2025-04-16 04:25:05,1,172.29.144.1,0.669333,N/A
21,142.250.207.206,google.com,2025-04-16 04:25:05,2,10.7.0.2,58.583000,N/A
21,142.250.207.206,google.com,2025-04-16 04:25:05,3,10.1.0.3,40.013333,N/A
21,142.250.207.206,google.com,2025-04-16 04:25:05,4,172.16.4.4,6.305000,N/A
21,142.250.207.206,google.com,2025-04-16 04:25:05,5,14.139.98.1,6.480333,N/A
21,142.250.207.206,google.com,2025-04-16 04:25:05,6,10.117.81.253,4.823000,N/A
21,142.250.207.206,google.com,2025-04-16 04:25:05,7,10.154.8.137,15.118333,N/A
21,142.250.207.206,google.com,2025-04-16 04:25:05,8,10.255.239.170,16.225667,N/A
21,142.250.207.206,google.com,2025-04-16 04:25:05,9,10.152.7.214,15.304000,N/A
21,142.250.207.206,google.com,2025-04-16 04:25:05,10,72.14.204.62,15.770333,N/A
21,142.250.207.206,google.com,2025-04-16 04:25:05,12,192.178.86.200,21.116333,N/A
21,142.250.207.206,google.com,2025-04-16 04:25:05,13,142.250.208.226,50.937667,N/A
21,142.250.207.206,google.com,2025-04-16 04:25:05,14,142.251.48.137,24.541000,N/A
21,142.250.207.206,google.com,2025-04-16 04:25:05,15,142.250.63.117,40.919667,N/A
21,142.250.207.206,google.com,2025-04-16 04:25:05,16,142.251.76.171,103.916000,N/A
21,142.250.207.206,google.com,2025-04-16 04:25:05,17,142.250.207.206,115.408333,N/A
22,142.251.42.110,google.com,2025-04-16 04:31:24,1,172.29.144.1,0.610667,N/A
22,142.251.42.110,google.com,2025-04-16 04:31:24,2,10.7.0.2,8.957000,N/A
22,142.251.42.110,google.com,2025-04-16 04:31:24,3,10.1.0.3,7.515333,N/A
22,142.251.42.110,google.com,2025-04-16 04:31:24,4,172.16.4.4,6.293667,N/A
22,142.251.42.110,google.com,2025-04-16 04:31:24,5,14.139.98.1,6.881000,N/A
22,142.251.42.110,google.com,2025-04-16 04:31:24,6,10.117.81.253,7.438667,N/A
22,142.251.42.110,google.com,2025-04-16 04:31:24,7,10.154.8.137,19.800000,N/A
22,142.251.42.110,google.com,2025-04-16 04:31:24,8,10.255.239.170,16.154667,N/A
22,142.251.42.110,google.com,2025-04-16 04:31:24,9,10.152.7.214,14.978000,N/A
22,142.251.42.110,google.com,2025-04-16 04:31:24,10,72.14.204.62,16.588000,N/A
22,142.251.42.110,google.com,2025-04-16 04:31:24,12,142.250.238.196,18.129333,N/A
22,142.251.42.110,google.com,2025-04-16 04:31:24,13,142.251.77.95,16.553667,N/A
22,142.251.42.110,google.com,2025-04-16 04:31:24,14,142.251.42.110,18.334000,N/A
5,8.8.8.8,8.8.8.8,2025-04-16 05:04:23,1,172.29.144.1,0.297333,N/A
5,8.8.8.8,8.8.8.8,2025-04-16 05:04:23,2,10.7.0.5,23.609667,N/A
5,8.8.8.8,8.8.8.8,2025-04-16 05:04:23,3,172.16.4.4,9.454667,N/A
5,8.8.8.8,8.8.8.8,2025-04-16 05:04:23,4,14.139.98.1,8.415000,N/A
5,8.8.8.8,8.8.8.8,2025-04-16 05:04:23,5,10.117.81.253,3.409667,N/A
5,8.8.8.8,8.8.8.8,2025-04-16 05:04:23,6,10.154.8.137,14.265000,N/A
5,8.8.8.8,8.8.8.8,2025-04-16 05:04:23,7,10.255.239.170,14.996333,N/A
5,8.8.8.8,8.8.8.8,2025-04-16 05:04:23,8,10.152.7.214,14.342000,N/A
5,8.8.8.8,8.8.8.8,2025-04-16 05:04:23,9,72.14.204.62,13.675667,N/A
5,8.8.8.8,8.8.8.8,2025-04-16 05:04:23,11,8.8.8.8,15.025667,N/A
6,8.8.8.8,8.8.8.8,2025-04-16 05:05:05,1,172.29.144.1,0.263000,N/A
6,8.8.8.8,8.8.8.8,2025-04-16 05:05:05,2,10.7.0.5,12.016000,N/A
6,8.8.8.8,8.8.8.8,2025-04-16 05:05:05,3,172.16.4.4,8.696000,N/A
6,8.8.8.8,8.8.8.8,2025-04-16 05:05:05,4,14.139.98.1,7.812000,N/A
6,8.8.8.8,8.8.8.8,2025-04-16 05:05:05,5,10.117.81.253,6.386667,N/A
6,8.8.8.8,8.8.8.8,2025-04-16 05:05:05,6,10.154.8.137,17.647333,N/A
6,8.8.8.8,8.8.8.8,2025-04-16 05:05:05,7,10.255.239.170,14.882333,N/A
6,8.8.8.8,8.8.8.8,2025-04-16 05:05:05,8,10.152.7.214,13.703333,N/A
6,8.8.8.8,8.8.8.8,2025-04-16 05:05:05,9,72.14.204.62,13.815667,N/A
6,8.8.8.8,8.8.8.8,2025-04-16 05:05:05,11,8.8.8.8,28.593333,N/A
7,8.8.8.8,8.8.8.8,2025-04-16 05:07:05,1,172.29.144.1,0.217000,N/A
7,8.8.8.8,8.8.8.8,2025-04-16 05:07:05,2,10.7.0.5,2.324667,N/A
7,8.8.8.8,8.8.8.8,2025-04-16 05:07:05,3,172.16.4.4,4.184333,N/A
7,8.8.8.8,8.8.8.8,2025-04-16 05:07:05,4,14.139.98.1,11.010000,N/A
7,8.8.8.8,8.8.8.8,2025-04-16 05:07:05,5,10.117.81.253,21.200667,N/A
7,8.8.8.8,8.8.8.8,2025-04-16 05:07:05,6,10.154.8.137,15.464667,N/A
7,8.8.8.8,8.8.8.8,2025-04-16 05:07:05,7,10.255.239.170,48.665667,N/A
7,8.8.8.8,8.8.8.8,2025-04-16 05:07:05,8,10.152.7.214,39.390667,N/A
7,8.8.8.8,8.8.8.8,2025-04-16 05:07:05,9,72.14.204.62,13.848333,N/A
7,8.8.8.8,8.8.8.8,2025-04-16 05:07:05,11,8.8.8.8,36.415000,N/A
8,8.8.8.8,8.8.8.8,2025-04-16 13:13:35,1,172.29.144.1,0.589000,N/A
8,8.8.8.8,8.8.8.8,2025-04-16 13:13:35,2,10.7.0.5,4.976667,N/A
8,8.8.8.8,8.8.8.8,2025-04-16 13:13:35,3,172.16.4.4,6.337333,N/A
8,8.8.8.8,8.8.8.8,2025-04-16 13:13:35,4,14.139.98.1,8.204333,N/A
8,8.8.8.8,8.8.8.8,2025-04-16 13:13:35,5,10.117.81.253,4.670333,N/A
8,8.8.8.8,8.8.8.8,2025-04-16 13:13:35,6,10.154.8.137,14.429000,N/A
8,8.8.8.8,8.8.8.8,2025-04-16 13:13:35,7,10.255.239.170,35.309667,N/A
8,8.8.8.8,8.8.8.8,2025-04-16 13:13:35,8,10.152.7.214,14.523667,N/A
8,8.8.8.8,8.8.8.8,2025-04-16 13:13:35,9,142.250.172.80,40.063333,N/A
8,8.8.8.8,8.8.8.8,2025-04-16 13:13:35,11,8.8.8.8,15.340667,N/A
23,142.250.207.174,google.com,2025-04-16 13:23:16,1,172.29.144.1,0.178333,N/A
23,142.250.207.174,google.com,2025-04-16 13:23:16,2,10.7.0.2,6.249667,N/A
23,142.250.207.174,google.com,2025-04-16 13:23:16,3,10.1.0.3,3.275333,N/A
23,142.250.207.174,google.com,2025-04-16 13:23:16,4,172.16.4.4,4.499000,N/A
23,142.250.207.174,google.com,2025-04-16 13:23:16,5,14.139.98.1,5.390000,N/A
23,142.250.207.174,google.com,2025-04-16 13:23:16,6,10.117.81.253,3.206333,N/A
23,142.250.207.174,google.com,2025-04-16 13:23:16,7,10.154.8.137,13.566667,N/A
23,142.250.207.174,google.com,2025-04-16 13:23:16,8,10.255.239.170,13.539333,N/A
23,142.250.207.174,google.com,2025-04-16 13:23:16,9,10.152.7.214,13.626333,N/A
23,142.250.207.174,google.com,2025-04-16 13:23:16,10,72.14.204.62,12.675667,N/A
23,142.250.207.174,google.com,2025-04-16 13:23:16,11,142.251.76.33,14.016000,N/A
23,142.250.207.174,google.com,2025-04-16 13:23:16,12,142.250.214.111,15.485500,N/A
23,142.250.207.174,google.com,2025-04-16 13:23:16,13,142.250.207.174,13.624667,N/A
24,216.58.196.110,google.com,2025-04-16 15:20:02,1,172.29.144.1,0.563667,N/A
24,216.58.196.110,google.com,2025-04-16 15:20:02,2,10.7.0.5,4.165333,N/A
24,216.58.196.110,google.com,2025-04-16 15:20:02,3,172.16.4.4,8.280000,N/A
24,216.58.196.110,google.com,2025-04-16 15:20:02,4,14.139.98.1,7.236333,N/A
24,216.58.196.110,google.com,2025-04-16 15:20:02,5,10.117.81.253,4.765333,N/A
24,216.58.196.110,google.com,2025-04-16 15:20:02,6,10.154.8.137,16.402667,N/A
24,216.58.196.110,google.com,2025-04-16 15:20:02,7,10.255.239.170,29.234667,N/A
24,216.58.196.110,google.com,2025-04-16 15:20:02,8,10.152.7.214,19.371333,N/A
24,216.58.196.110,google.com,2025-04-16 15:20:02,9,72.14.204.62,14.845000,N/A
24,216.58.196.110,google.com,2025-04-16 15:20:02,10,142.251.49.177,16.257333,N/A
24,216.58.196.110,google.com,2025-04-16 15:20:02,11,192.178.110.204,17.142000,N/A
24,216.58.196.110,google.com,2025-04-16 15:20:02,12,142.251.48.137,41.142000,N/A
24,216.58.196.110,google.com,2025-04-16 15:20:02,13,142.251.255.57,38.691000,N/A
24,216.58.196.110,google.com,2025-04-16 15:20:02,14,172.253.67.99,37.216333,N/A
24,216.58.196.110,google.com,2025-04-16 15:20:02,15,216.58.196.110,37.591333,N/A
25,216.58.196.110,google.com,2025-04-16 15:21:28,1,172.29.144.1,0.663333,N/A
25,216.58.196.110,google.com,2025-04-16 15:21:28,2,10.7.0.5,5.583000,N/A
25,216.58.196.110,google.com,2025-04-16 15:21:28,3,172.16.4.4,20.531667,N/A
25,216.58.196.110,google.com,2025-04-16 15:21:28,4,14.139.98.1,9.213667,N/A
25,216.58.196.110,google.com,2025-04-16 15:21:28,5,10.117.81.253,7.703000,N/A
25,216.58.196.110,google.com,2025-04-16 15:21:28,6,10.154.8.137,180.702500,N/A
25,216.58.196.110,google.com,2025-04-16 15:21:28,8,10.152.7.214,238.120000,N/A
25,216.58.196.110,google.com,2025-04-16 15:21:28,9,142.250.172.80,206.937000,N/A
25,216.58.196.110,google.com,2025-04-16 15:21:28,11,216.239.50.166,145.599000,N/A
25,216.58.196.110,google.com,2025-04-16 15:21:28,12,192.178.110.244,24.006000,N/A
25,216.58.196.110,google.com,2025-04-16 15:21:28,13,172.253.51.137,83.432000,N/A
25,216.58.196.110,google.com,2025-04-16 15:21:28,14,192.178.83.207,97.241000,N/A
25,216.58.196.110,google.com,2025-04-16 15:21:28,15,172.253.67.101,64.366000,N/A
25,216.58.196.110,google.com,2025-04-16 15:21:28,16,192.178.83.207,130.124000,N/A
25,216.58.196.110,google.com,2025-04-16 15:21:28,17,172.253.67.99,49.989333,N/A
26,142.250.199.142,google.com,2025-04-16 15:47:50,1,172.29.144.1,0.687667,N/A
26,142.250.199.142,google.com,2025-04-16 15:47:50,2,10.7.0.2,6.261667,N/A
26,142.250.199.142,google.com,2025-04-16 15:47:50,3,10.1.0.3,3.009667,N/A
26,142.250.199.142,google.com,2025-04-16 15:47:50,4,172.16.4.4,3.852667,N/A
26,142.250.199.142,google.com,2025-04-16 15:47:50,5,14.139.98.1,6.892333,N/A
26,142.250.199.142,google.com,2025-04-16 15:47:50,6,10.117.81.253,3.441667,N/A
26,142.250.199.142,google.com,2025-04-16 15:47:50,7,10.154.8.137,36.634333,N/A
26,142.250.199.142,google.com,2025-04-16 15:47:50,8,10.255.239.170,13.978333,N/A
26,142.250.199.142,google.com,2025-04-16 15:47:50,9,10.152.7.214,15.749333,N/A
26,142.250.199.142,google.com,2025-04-16 15:47:50,10,142.250.172.80,18.027000,N/A
26,142.250.199.142,google.com,2025-04-16 15:47:50,11,142.251.76.23,16.984667,N/A
26,142.250.199.142,google.com,2025-04-16 15:47:50,12,142.251.77.101,17.393333,N/A
26,142.250.199.142,google.com,2025-04-16 15:47:50,13,142.250.199.142,14.114000,N/A
9,8.8.8.8,8.8.8.8,2025-04-16 16:17:54,1,172.29.144.1,0.530000,N/A
9,8.8.8.8,8.8.8.8,2025-04-16 16:17:54,2,10.7.0.5,6.486000,N/A
9,8.8.8.8,8.8.8.8,2025-04-16 16:17:54,3,172.16.4.4,15.054667,N/A
9,8.8.8.8,8.8.8.8,2025-04-16 16:17:54,4,14.139.98.1,19.239333,N/A
9,8.8.8.8,8.8.8.8,2025-04-16 16:17:54,5,10.117.81.253,3.420333,N/A
9,8.8.8.8,8.8.8.8,2025-04-16 16:17:54,6,10.154.8.137,13.296000,N/A
9,8.8.8.8,8.8.8.8,2025-04-16 16:17:54,7,10.255.239.170,15.912333,N/A
9,8.8.8.8,8.8.8.8,2025-04-16 16:17:54,8,10.152.7.214,15.726667,N/A
9,8.8.8.8,8.8.8.8,2025-04-16 16:17:54,9,72.14.204.62,13.247667,N/A
9,8.8.8.8,8.8.8.8,2025-04-16 16:17:54,10,142.251.76.27,14.439000,N/A
9,8.8.8.8,8.8.8.8,2025-04-16 16:17:54,11,142.250.238.203,15.378667,N/A
9,8.8.8.8,8.8.8.8,2025-04-16 16:17:54,12,8.8.8.8,14.233667,N/A
10,8.8.8.8,8.8.8.8,2025-04-16 16:40:04,1,172.29.144.1,12.033333,N/A
10,8.8.8.8,8.8.8.8,2025-04-16 16:40:04,2,10.7.0.5,341.600000,N/A
10,8.8.8.8,8.8.8.8,2025-04-16 16:40:04,3,172.16.4.4,7.000000,N/A
10,8.8.8.8,8.8.8.8,2025-04-16 16:40:04,4,14.139.98.1,46.066667,N/A
10,8.8.8.8,8.8.8.8,2025-04-16 16:40:04,5,10.117.81.253,884.133333,N/A
10,8.8.8.8,8.8.8.8,2025-04-16 16:40:04,6,10.154.8.137,215.533333,N/A
10,8.8.8.8,8.8.8.8,2025-04-16 16:40:04,7,10.255.239.170,631.066667,N/A
10,8.8.8.8,8.8.8.8,2025-04-16 16:40:04,8,10.152.7.214,165.433333,N/A
10,8.8.8.8,8.8.8.8,2025-04-16 16:40:04,9,72.14.204.62,83.866667,N/A
10,8.8.8.8,8.8.8.8,2025-04-16 16:40:04,10,142.251.76.27,109.874074,N/A
10,8.8.8.8,8.8.8.8,2025-04-16 16:40:04,11,142.250.238.203,308.200000,N/A
10,8.8.8.8,8.8.8.8,2025-04-16 16:40:04,12,8.8.8.8,N/A,N/A
11,8.8.8.8,8.8.8.8,2025-04-16 16:41:33,1,172.29.144.1,9.633333,N/A
11,8.8.8.8,8.8.8.8,2025-04-16 16:41:33,2,10.7.0.5,807.033333,N/A
11,8.8.8.8,8.8.8.8,2025-04-16 16:41:33,3,172.16.4.4,235.500000,N/A
11,8.8.8.8,8.8.8.8,2025-04-16 16:41:33,4,14.139.98.1,780.866667,N/A
11,8.8.8.8,8.8.8.8,2025-04-16 16:41:33,5,10.117.81.253,968.566667,N/A
11,8.8.8.8,8.8.8.8,2025-04-16 16:41:33,6,10.154.8.137,1145.933333,N/A
11,8.8.8.8,8.8.8.8,2025-04-16 16:41:33,7,10.255.239.170,968.333333,N/A
11,8.8.8.8,8.8.8.8,2025-04-16 16:41:33,8,10.152.7.214,434.266667,N/A
11,8.8.8.8,8.8.8.8,2025-04-16 16:41:33,9,142.250.172.80,756.277778,N/A
11,8.8.8.8,8.8.8.8,2025-04-16 16:41:33,11,8.8.8.8,3877.666667,N/A
12,8.8.8.8,8.8.8.8,2025-04-16 17:28:47,1,172.29.144.1,1.007000,N/A
12,8.8.8.8,8.8.8.8,2025-04-16 17:28:47,2,10.7.0.5,5.659000,N/A
12,8.8.8.8,8.8.8.8,2025-04-16 17:28:47,3,172.16.4.4,9.403333,N/A
12,8.8.8.8,8.8.8.8,2025-04-16 17:28:47,4,14.139.98.1,9.601333,N/A
12,8.8.8.8,8.8.8.8,2025-04-16 17:28:47,5,10.117.81.253,6.029000,N/A
12,8.8.8.8,8.8.8.8,2025-04-16 17:28:47,6,10.154.8.137,15.701667,N/A
12,8.8.8.8,8.8.8.8,2025-04-16 17:28:47,7,10.255.239.170,120.143667,N/A
12,8.8.8.8,8.8.8.8,2025-04-16 17:28:47,8,10.152.7.214,45.870000,N/A
12,8.8.8.8,8.8.8.8,2025-04-16 17:28:47,9,142.250.172.80,19.115333,N/A
12,8.8.8.8,8.8.8.8,2025-04-16 17:28:47,11,8.8.8.8,30.479000,N/A
13,8.8.8.8,8.8.8.8,2025-04-16 17:30:48,1,172.29.144.1,0.660667,N/A
13,8.8.8.8,8.8.8.8,2025-04-16 17:30:48,2,10.7.0.5,7.608000,N/A
13,8.8.8.8,8.8.8.8,2025-04-16 17:30:48,3,172.16.4.4,20.415000,N/A
13,8.8.8.8,8.8.8.8,2025-04-16 17:30:48,4,14.139.98.1,12.340333,N/A
13,8.8.8.8,8.8.8.8,2025-04-16 17:30:48,5,10.117.81.253,4.480667,N/A
13,8.8.8.8,8.8.8.8,2025-04-16 17:30:48,6,10.154.8.137,14.802000,N/A
13,8.8.8.8,8.8.8.8,2025-04-16 17:30:48,7,10.255.239.170,63.215333,N/A
13,8.8.8.8,8.8.8.8,2025-04-16 17:30:48,8,10.152.7.214,14.479000,N/A
13,8.8.8.8,8.8.8.8,2025-04-16 17:30:48,9,72.14.204.62,21.937000,N/A
13,8.8.8.8,8.8.8.8,2025-04-16 17:30:48,11,8.8.8.8,27.075000,N/A
14,8.8.8.8,8.8.8.8,2025-04-16 17:32:56,1,172.29.144.1,0.562000,N/A
14,8.8.8.8,8.8.8.8,2025-04-16 17:32:56,2,10.7.0.5,10.145333,N/A
14,8.8.8.8,8.8.8.8,2025-04-16 17:32:56,3,172.16.4.4,6.284000,N/A
14,8.8.8.8,8.8.8.8,2025-04-16 17:32:56,4,14.139.98.1,5.687333,N/A
14,8.8.8.8,8.8.8.8,2025-04-16 17:32:56,5,10.117.81.253,22.942333,N/A
14,8.8.8.8,8.8.8.8,2025-04-16 17:32:56,6,10.154.8.137,13.299667,N/A
14,8.8.8.8,8.8.8.8,2025-04-16 17:32:56,7,10.255.239.170,13.828667,N/A
14,8.8.8.8,8.8.8.8,2025-04-16 17:32:56,8,10.152.7.214,14.797333,N/A
14,8.8.8.8,8.8.8.8,2025-04-16 17:32:56,9,72.14.204.62,14.820000,N/A
14,8.8.8.8,8.8.8.8,2025-04-16 17:32:56,10,142.251.76.27,14.023667,N/A
14,8.8.8.8,8.8.8.8,2025-04-16 17:32:56,11,142.250.238.203,36.454000,N/A
14,8.8.8.8,8.8.8.8,2025-04-16 17:32:56,12,8.8.8.8,14.473333,N/A
2,10.0.137.79,ims.iitgn.ac.in,2025-04-16 17:35:09,1,172.29.144.1,0.504667,N/A
2,10.0.137.79,ims.iitgn.ac.in,2025-04-16 17:35:09,2,10.7.0.5,3.679667,N/A
2,10.0.137.79,ims.iitgn.ac.in,2025-04-16 17:35:09,3,10.0.137.79,4.420333,N/A
3,10.0.137.79,ims.iitgn.ac.in,2025-04-16 17:36:55,1,172.29.144.1,0.506000,N/A
3,10.0.137.79,ims.iitgn.ac.in,2025-04-16 17:36:55,2,10.7.0.5,3.581000,N/A
3,10.0.137.79,ims.iitgn.ac.in,2025-04-16 17:36:55,3,10.0.137.79,4.145667,N/A
27,142.250.207.206,google.com,2025-04-16 17:51:07,1,172.29.144.1,0.510000,N/A
27,142.250.207.206,google.com,2025-04-16 17:51:07,2,10.7.0.2,21.383667,N/A
27,142.250.207.206,google.com,2025-04-16 17:51:07,3,10.7.0.2,2.679333,N/A
27,142.250.207.206,google.com,2025-04-16 17:51:07,4,172.16.4.4,3.643667,N/A
27,142.250.207.206,google.com,2025-04-16 17:51:07,5,14.139.98.1,5.590333,N/A
27,142.250.207.206,google.com,2025-04-16 17:51:07,6,10.117.81.253,3.832667,N/A
27,142.250.207.206,google.com,2025-04-16 17:51:07,7,10.154.8.137,13.786000,N/A
27,142.250.207.206,google.com,2025-04-16 17:51:07,8,10.255.239.170,13.713000,N/A
27,142.250.207.206,google.com,2025-04-16 17:51:07,9,10.152.7.214,14.963000,N/A
27,142.250.207.206,google.com,2025-04-16 17:51:07,11,142.251.76.31,16.733667,N/A
27,142.250.207.206,google.com,2025-04-16 17:51:07,12,192.178.110.248,16.334667,N/A
27,142.250.207.206,google.com,2025-04-16 17:51:07,13,142.251.48.137,43.558667,N/A
27,142.250.207.206,google.com,2025-04-16 17:51:07,14,216.239.62.181,37.271333,N/A
27,142.250.207.206,google.com,2025-04-16 17:51:07,15,142.251.76.171,35.329333,N/A
27,142.250.207.206,google.com,2025-04-16 17:51:07,16,142.250.207.206,65.401667,N/A
28,142.250.67.174,google.com,2025-04-16 17:54:47,1,172.29.144.1,0.827667,N/A
28,142.250.67.174,google.com,2025-04-16 17:54:47,2,192.168.229.159,23.031000,N/A
28,142.250.67.174,google.com,2025-04-16 17:54:47,6,192.168.227.195,127.734667,N/A
28,142.250.67.174,google.com,2025-04-16 17:54:47,7,192.168.188.54,40.994333,N/A
28,142.250.67.174,google.com,2025-04-16 17:54:47,8,192.168.188.53,52.779667,N/A
28,142.250.67.174,google.com,2025-04-16 17:54:47,9,172.31.2.73,171.053333,N/A
28,142.250.67.174,google.com,2025-04-16 17:54:47,10,74.125.51.166,76.027333,N/A
28,142.250.67.174,google.com,2025-04-16 17:54:47,11,74.125.37.7,55.112333,N/A
28,142.250.67.174,google.com,2025-04-16 17:54:47,12,142.250.227.73,56.387000,N/A
28,142.250.67.174,google.com,2025-04-16 17:54:47,13,142.250.67.174,47.920667,N/A
29,142.250.182.174,google.com,2025-04-16 18:03:17,1,172.29.144.1,0.799333,N/A
29,142.250.182.174,google.com,2025-04-16 18:03:17,2,192.168.229.159,11.267333,N/A
29,142.250.182.174,google.com,2025-04-16 18:03:17,6,192.168.227.194,62.407333,N/A
29,142.250.182.174,google.com,2025-04-16 18:03:17,7,192.168.188.50,48.265667,N/A
29,142.250.182.174,google.com,2025-04-16 18:03:17,8,192.168.188.49,49.970333,N/A
29,142.250.182.174,google.com,2025-04-16 18:03:17,9,172.31.2.73,76.908000,N/A
29,142.250.182.174,google.com,2025-04-16 18:03:17,10,173.194.121.8,176.821333,N/A
29,142.250.182.174,google.com,2025-04-16 18:03:17,11,192.178.84.191,50.161667,N/A
29,142.250.182.174,google.com,2025-04-16 18:03:17,12,142.250.208.226,74.652667,N/A
29,142.250.182.174,google.com,2025-04-16 18:03:17,13,172.253.51.137,57.680333,N/A
29,142.250.182.174,google.com,2025-04-16 18:03:17,14,192.178.82.233,59.181333,N/A
29,142.250.182.174,google.com,2025-04-16 18:03:17,15,142.251.54.65,53.569333,N/A
29,142.250.182.174,google.com,2025-04-16 18:03:17,16,142.250.192.238,144.361667,N/A
32,142.250.199.142,google.com,2025-04-16 18:23:05,1,172.29.144.1,0.766000,N/A
32,142.250.199.142,google.com,2025-04-16 18:23:05,2,10.7.0.2,15.579000,N/A
32,142.250.199.142,google.com,2025-04-16 18:23:05,3,10.1.0.3,18.193000,N/A
32,142.250.199.142,google.com,2025-04-16 18:23:05,4,172.16.4.4,10.801000,N/A
32,142.250.199.142,google.com,2025-04-16 18:23:05,5,14.139.98.1,20.592333,N/A
32,142.250.199.142,google.com,2025-04-16 18:23:05,6,10.117.81.253,12.113667,N/A
32,142.250.199.142,google.com,2025-04-16 18:23:05,7,10.154.8.137,24.711000,N/A
32,142.250.199.142,google.com,2025-04-16 18:23:05,8,10.255.239.170,40.790333,N/A
32,142.250.199.142,google.com,2025-04-16 18:23:05,9,10.152.7.214,22.206667,N/A
32,142.250.199.142,google.com,2025-04-16 18:23:05,10,142.250.172.80,30.039000,N/A
32,142.250.199.142,google.com,2025-04-16 18:23:05,11,142.251.76.23,16.087333,N/A
32,142.250.199.142,google.com,2025-04-16 18:23:05,12,142.251.77.101,32.866000,N/A
32,142.250.199.142,google.com,2025-04-16 18:23:05,13,142.250.199.142,24.939667,N/A
35,142.250.194.142,google.com,2025-04-16 18:55:22,1,172.29.144.1,0.819000,N/A
35,142.250.194.142,google.com,2025-04-16 18:55:22,2,10.7.0.2,16.881667,N/A
35,142.250.194.142,google.com,2025-04-16 18:55:22,3,10.1.0.3,10.821333,N/A
35,142.250.194.142,google.com,2025-04-16 18:55:22,4,172.16.4.4,7.395667,N/A
35,142.250.194.142,google.com,2025-04-16 18:55:22,5,14.139.98.1,12.608667,N/A
35,142.250.194.142,google.com,2025-04-16 18:55:22,6,10.117.81.253,9.023000,N/A
35,142.250.194.142,google.com,2025-04-16 18:55:22,7,10.154.8.137,22.664000,N/A
35,142.250.194.142,google.com,2025-04-16 18:55:22,8,10.255.239.170,18.370333,N/A
35,142.250.194.142,google.com,2025-04-16 18:55:22,9,10.152.7.214,25.450667,N/A
35,142.250.194.142,google.com,2025-04-16 18:55:22,10,72.14.204.62,27.573000,N/A
35,142.250.194.142,google.com,2025-04-16 18:55:22,11,72.14.239.103,19.256667,N/A
35,142.250.194.142,google.com,2025-04-16 18:55:22,12,192.178.110.110,21.298667,N/A
35,142.250.194.142,google.com,2025-04-16 18:55:22,13,216.239.48.65,24.660000,N/A
35,142.250.194.142,google.com,2025-04-16 18:55:22,14,142.251.48.137,53.044000,N/A
35,142.250.194.142,google.com,2025-04-16 18:55:22,15,192.178.83.225,42.578333,N/A
35,142.250.194.142,google.com,2025-04-16 18:55:22,16,142.251.52.203,57.590667,N/A
35,142.250.194.142,google.com,2025-04-16 18:55:22,17,142.250.194.142,43.958333,N/A
36,142.250.194.238,google.com,2025-04-16 19:14:39,1,172.29.144.1,0.134333,N/A
36,142.250.194.238,google.com,2025-04-16 19:14:39,2,10.7.0.5,5.268333,N/A
36,142.250.194.238,google.com,2025-04-16 19:14:39,3,172.16.4.4,7.203667,N/A
36,142.250.194.238,google.com,2025-04-16 19:14:39,4,14.139.98.1,14.850667,N/A
36,142.250.194.238,google.com,2025-04-16 19:14:39,5,10.117.81.253,2.712667,N/A
36,142.250.194.238,google.com,2025-04-16 19:14:39,6,10.154.8.137,28.913000,N/A
36,142.250.194.238,google.com,2025-04-16 19:14:39,7,10.255.239.170,109.765333,N/A
36,142.250.194.238,google.com,2025-04-16 19:14:39,8,10.152.7.214,16.617333,N/A
36,142.250.194.238,google.com,2025-04-16 19:14:39,9,72.14.204.62,34.940667,N/A
36,142.250.194.238,google.com,2025-04-16 19:14:39,10,142.251.76.27,18.943333,N/A
36,142.250.194.238,google.com,2025-04-16 19:14:39,11,142.250.208.226,55.761667,N/A
36,142.250.194.238,google.com,2025-04-16 19:14:39,12,172.253.68.121,14.888000,N/A
36,142.250.194.238,google.com,2025-04-16 19:14:39,13,142.250.46.170,19.840667,N/A
36,142.250.194.238,google.com,2025-04-16 19:14:39,14,192.178.251.217,55.680667,N/A
36,142.250.194.238,google.com,2025-04-16 19:14:39,15,192.178.83.227,48.323333,N/A
36,142.250.194.238,google.com,2025-04-16 19:14:39,16,142.251.52.215,40.964667,N/A
36,142.250.194.238,google.com,2025-04-16 19:14:39,17,142.250.194.238,36.100333,N/A
37,142.250.183.110,google.com,2025-04-16 19:19:38,1,172.29.144.1,0.319333,N/A
37,142.250.183.110,google.com,2025-04-16 19:19:38,2,10.7.0.5,3.531333,N/A
37,142.250.183.110,google.com,2025-04-16 19:19:38,3,172.16.4.4,8.668000,N/A
37,142.250.183.110,google.com,2025-04-16 19:19:38,4,14.139.98.1,36.332667,N/A
37,142.250.183.110,google.com,2025-04-16 19:19:38,5,10.117.81.253,27.088000,N/A
37,142.250.183.110,google.com,2025-04-16 19:19:38,6,10.154.8.137,18.657333,N/A
37,142.250.183.110,google.com,2025-04-16 19:19:38,7,10.255.239.170,15.031667,N/A
37,142.250.183.110,google.com,2025-04-16 19:19:38,8,10.152.7.214,33.344333,N/A
37,142.250.183.110,google.com,2025-04-16 19:19:38,9,142.250.172.80,103.923000,N/A
37,142.250.183.110,google.com,2025-04-16 19:19:38,11,142.251.69.104,28.275667,N/A
37,142.250.183.110,google.com,2025-04-16 19:19:38,12,72.14.233.59,21.136000,N/A
37,142.250.183.110,google.com,2025-04-16 19:19:38,13,192.178.110.199,15.428000,N/A
38,142.250.199.142,google.com,2025-04-16 19:22:49,1,172.29.144.1,0.176333,N/A
38,142.250.199.142,google.com,2025-04-16 19:22:49,2,10.7.0.5,9.149667,N/A
38,142.250.199.142,google.com,2025-04-16 19:22:49,3,172.16.4.4,11.843667,N/A
38,142.250.199.142,google.com,2025-04-16 19:22:49,4,14.139.98.1,81.892667,N/A
38,142.250.199.142,google.com,2025-04-16 19:22:49,5,10.117.81.253,7.062500,N/A
38,142.250.199.142,google.com,2025-04-16 19:22:49,6,10.154.8.137,50.707000,N/A
38,142.250.199.142,google.com,2025-04-16 19:22:49,7,10.255.239.170,23.893000,N/A
38,142.250.199.142,google.com,2025-04-16 19:22:49,8,10.152.7.214,27.946667,N/A
38,142.250.199.142,google.com,2025-04-16 19:22:49,9,72.14.204.62,107.488000,N/A
38,142.250.199.142,google.com,2025-04-16 19:22:49,11,142.250.238.202,19.382667,N/A
38,142.250.199.142,google.com,2025-04-16 19:22:49,12,142.251.77.101,15.306333,N/A
38,142.250.199.142,google.com,2025-04-16 19:22:49,13,142.250.208.227,16.130000,N/A
39,142.250.183.14,google.com,2025-04-16 19:43:11,1,172.29.144.1,0.179667,N/A
39,142.250.183.14,google.com,2025-04-16 19:43:11,2,10.7.0.5,3.018000,N/A
39,142.250.183.14,google.com,2025-04-16 19:43:11,3,172.16.4.4,3.385333,N/A
39,142.250.183.14,google.com,2025-04-16 19:43:11,4,14.139.98.1,5.782000,N/A
39,142.250.183.14,google.com,2025-04-16 19:43:11,5,10.117.81.253,1.684667,N/A
39,142.250.183.14,google.com,2025-04-16 19:43:11,6,10.154.8.137,13.888333,N/A
39,142.250.183.14,google.com,2025-04-16 19:43:11,7,10.255.239.170,12.018667,N/A
39,142.250.183.14,google.com,2025-04-16 19:43:11,8,10.152.7.214,12.647000,N/A
39,142.250.183.14,google.com,2025-04-16 19:43:11,9,72.14.204.62,13.637333,N/A
39,142.250.183.14,google.com,2025-04-16 19:43:11,10,142.251.76.33,13.109333,N/A
39,142.250.183.14,google.com,2025-04-16 19:43:11,11,142.250.214.107,13.549333,N/A
39,142.250.183.14,google.com,2025-04-16 19:43:11,12,142.250.183.14,32.776333,N/A
4,10.0.137.79,ims.iitgn.ac.in,2025-04-16 19:53:18,1,172.29.144.1,0.147667,N/A
4,10.0.137.79,ims.iitgn.ac.in,2025-04-16 19:53:18,2,10.7.0.5,1.382333,N/A
4,10.0.137.79,ims.iitgn.ac.in,2025-04-16 19:53:18,3,10.0.137.79,33.621000,N/A
40,142.250.77.46,google.com,2025-04-16 19:55:43,1,172.29.144.1,0.186667,N/A
40,142.250.77.46,google.com,2025-04-16 19:55:43,2,10.7.0.5,3.079000,N/A
40,142.250.77.46,google.com,2025-04-16 19:55:43,3,172.16.4.4,8.153000,N/A
40,142.250.77.46,google.com,2025-04-16 19:55:43,4,14.139.98.1,8.017667,N/A
40,142.250.77.46,google.com,2025-04-16 19:55:43,5,10.117.81.253,4.469667,N/A
40,142.250.77.46,google.com,2025-04-16 19:55:43,6,10.154.8.137,15.926333,N/A
40,142.250.77.46,google.com,2025-04-16 19:55:43,7,10.255.239.170,12.991000,N/A
40,142.250.77.46,google.com,2025-04-16 19:55:43,8,10.152.7.214,18.125667,N/A
40,142.250.77.46,google.com,2025-04-16 19:55:43,9,142.250.172.80,14.446667,N/A
40,142.250.77.46,google.com,2025-04-16 19:55:43,11,216.239.58.18,16.507667,N/A
40,142.250.77.46,google.com,2025-04-16 19:55:43,12,142.250.238.203,14.532000,N/A
40,142.250.77.46,google.com,2025-04-16 19:55:43,13,142.250.208.227,58.180000,N/A
41,142.250.183.14,google.com,2025-04-16 20:06:19,1,172.29.144.1,0.582667,N/A
41,142.250.183.14,google.com,2025-04-16 20:06:19,2,10.7.0.5,3.879667,N/A
41,142.250.183.14,google.com,2025-04-16 20:06:19,3,172.16.4.4,8.953000,N/A
41,142.250.183.14,google.com,2025-04-16 20:06:19,4,14.139.98.1,8.973333,N/A
41,142.250.183.14,google.com,2025-04-16 20:06:19,5,10.117.81.253,12.435000,N/A
41,142.250.183.14,google.com,2025-04-16 20:06:19,6,10.154.8.137,16.504000,N/A
41,142.250.183.14,google.com,2025-04-16 20:06:19,7,10.255.239.170,43.138333,N/A
41,142.250.183.14,google.com,2025-04-16 20:06:19,8,10.152.7.214,14.518667,N/A
41,142.250.183.14,google.com,2025-04-16 20:06:19,9,142.250.172.80,55.348333,N/A
41,142.250.183.14,google.com,2025-04-16 20:06:19,11,192.178.86.240,20.460333,N/A
41,142.250.183.14,google.com,2025-04-16 20:06:19,12,142.250.214.107,17.180000,N/A
41,142.250.183.14,google.com,2025-04-16 20:06:19,13,142.250.183.14,16.955667,N/A
42,142.250.183.14,google.com,2025-04-16 20:09:02,1,172.29.144.1,0.404000,N/A
42,142.250.183.14,google.com,2025-04-16 20:09:02,2,10.7.0.5,3.664000,N/A
42,142.250.183.14,google.com,2025-04-16 20:09:02,3,172.16.4.4,9.354333,N/A
42,142.250.183.14,google.com,2025-04-16 20:09:02,4,14.139.98.1,7.967667,N/A
42,142.250.183.14,google.com,2025-04-16 20:09:02,5,10.117.81.253,8.189667,N/A
42,142.250.183.14,google.com,2025-04-16 20:09:02,6,10.154.8.137,14.681333,N/A
42,142.250.183.14,google.com,2025-04-16 20:09:02,7,10.255.239.170,14.057333,N/A
42,142.250.183.14,google.com,2025-04-16 20:09:02,8,10.152.7.214,15.269667,N/A
42,142.250.183.14,google.com,2025-04-16 20:09:02,9,142.250.172.80,17.218333,N/A
42,142.250.183.14,google.com,2025-04-16 20:09:02,11,216.239.54.84,106.769333,N/A
42,142.250.183.14,google.com,2025-04-16 20:09:02,12,192.178.110.106,45.013333,N/A
42,142.250.183.14,google.com,2025-04-16 20:09:02,13,142.250.226.67,15.868333,N/A
43,142.250.193.238,google.com,2025-04-16 20:28:36,1,172.29.144.1,0.577333,N/A
43,142.250.193.238,google.com,2025-04-16 20:28:36,2,10.7.0.5,6.427667,N/A
43,142.250.193.238,google.com,2025-04-16 20:28:36,3,172.16.4.4,27.373667,N/A
43,142.250.193.238,google.com,2025-04-16 20:28:36,4,14.139.98.1,7.905667,N/A
43,142.250.193.238,google.com,2025-04-16 20:28:36,5,10.117.81.253,4.439333,N/A
43,142.250.193.238,google.com,2025-04-16 20:28:36,6,10.154.8.137,13.848667,N/A
43,142.250.193.238,google.com,2025-04-16 20:28:36,7,10.255.239.170,13.819667,N/A
43,142.250.193.238,google.com,2025-04-16 20:28:36,8,10.152.7.214,14.444000,N/A
43,142.250.193.238,google.com,2025-04-16 20:28:36,9,142.250.172.80,35.751000,N/A
43,142.250.193.238,google.com,2025-04-16 20:28:36,11,192.178.86.244,18.814000,N/A
43,142.250.193.238,google.com,2025-04-16 20:28:36,12,142.251.77.68,17.747333,N/A
43,142.250.193.238,google.com,2025-04-16 20:28:36,13,172.253.51.137,121.546667,N/A
43,142.250.193.238,google.com,2025-04-16 20:28:36,14,142.250.46.170,74.714000,N/A
43,142.250.193.238,google.com,2025-04-16 20:28:36,15,192.178.82.233,101.146333,N/A
43,142.250.193.238,google.com,2025-04-16 20:28:36,16,142.251.54.99,70.035667,N/A
15,8.8.8.8,8.8.8.8,2025-04-16 20:41:14,1,172.29.144.1,0.588333,N/A
15,8.8.8.8,8.8.8.8,2025-04-16 20:41:14,2,10.7.0.5,5.466333,N/A
15,8.8.8.8,8.8.8.8,2025-04-16 20:41:14,3,172.16.4.4,6.747333,N/A
15,8.8.8.8,8.8.8.8,2025-04-16 20:41:14,4,14.139.98.1,10.524667,N/A
15,8.8.8.8,8.8.8.8,2025-04-16 20:41:14,5,10.117.81.253,5.030333,N/A
15,8.8.8.8,8.8.8.8,2025-04-16 20:41:14,6,10.154.8.137,67.840667,N/A
15,8.8.8.8,8.8.8.8,2025-04-16 20:41:14,7,10.255.239.170,15.704667,N/A
15,8.8.8.8,8.8.8.8,2025-04-16 20:41:14,8,10.255.239.170,12.052667,N/A
15,8.8.8.8,8.8.8.8,2025-04-16 20:41:14,9,142.250.172.80,15.989333,N/A
15,8.8.8.8,8.8.8.8,2025-04-16 20:41:14,11,8.8.8.8,13.984333,N/A
1,192.0.66.20,harvard.edu,2025-04-16 20:48:24,1,172.29.144.1,0.647333,N/A
1,192.0.66.20,harvard.edu,2025-04-16 20:48:24,2,10.7.0.5,4.603667,N/A
1,192.0.66.20,harvard.edu,2025-04-16 20:48:24,3,172.16.4.4,6.258333,N/A
1,192.0.66.20,harvard.edu,2025-04-16 20:48:24,4,14.139.98.1,8.602000,N/A
1,192.0.66.20,harvard.edu,2025-04-16 20:48:24,5,10.117.81.253,3.569000,N/A
1,192.0.66.20,harvard.edu,2025-04-16 20:48:24,6,10.154.8.137,14.312333,N/A
1,192.0.66.20,harvard.edu,2025-04-16 20:48:24,7,10.255.239.170,13.780000,N/A
1,192.0.66.20,harvard.edu,2025-04-16 20:48:24,8,10.152.7.38,14.075333,N/A
1,192.0.66.20,harvard.edu,2025-04-16 20:48:24,9,10.152.7.234,14.244667,N/A
1,192.0.66.20,harvard.edu,2025-04-16 20:48:24,10,103.156.182.48,23.143000,N/A
1,192.0.66.20,harvard.edu,2025-04-16 20:48:24,11,100.70.136.12,16.796000,N/A
1,192.0.66.20,harvard.edu,2025-04-16 20:48:24,12,100.70.137.78,15.478000,N/A
1,192.0.66.20,harvard.edu,2025-04-16 20:48:24,13,202.191.178.34,15.242333,N/A
44,142.250.194.174,google.com,2025-04-16 20:57:47,1,172.29.144.1,0.523667,N/A
44,142.250.194.174,google.com,2025-04-16 20:57:47,2,10.7.0.5,3.489333,N/A
44,142.250.194.174,google.com,2025-04-16 20:57:47,3,172.16.4.4,9.758333,N/A
44,142.250.194.174,google.com,2025-04-16 20:57:47,4,14.139.98.1,5.507667,N/A
44,142.250.194.174,google.com,2025-04-16 20:57:47,5,10.117.81.253,1.990000,N/A
44,142.250.194.174,google.com,2025-04-16 20:57:47,6,10.154.8.137,39.932667,N/A
44,142.250.194.174,google.com,2025-04-16 20:57:47,7,10.255.239.170,12.425333,N/A
44,142.250.194.174,google.com,2025-04-16 20:57:47,8,10.152.7.214,13.189667,N/A
44,142.250.194.174,google.com,2025-04-16 20:57:47,9,142.250.172.80,16.595000,N/A
44,142.250.194.174,google.com,2025-04-16 20:57:47,10,72.14.238.215,14.579667,N/A
44,142.250.194.174,google.com,2025-04-16 20:57:47,11,192.178.110.108,13.749000,N/A
44,142.250.194.174,google.com,2025-04-16 20:57:47,12,108.170.232.203,58.414000,N/A
44,142.250.194.174,google.com,2025-04-16 20:57:47,13,209.85.241.161,36.833667,N/A
44,142.250.194.174,google.com,2025-04-16 20:57:47,14,192.178.252.112,38.734000,N/A
44,142.250.194.174,google.com,2025-04-16 20:57:47,15,192.178.83.225,35.472333,N/A
44,142.250.194.174,google.com,2025-04-16 20:57:47,16,142.251.52.219,38.561667,N/A
44,142.250.194.174,google.com,2025-04-16 20:57:47,17,142.250.194.174,35.202667,N/A
45,142.250.192.110,google.com,2025-04-16 20:59:54,1,172.29.144.1,0.531333,N/A
45,142.250.192.110,google.com,2025-04-16 20:59:54,2,10.7.0.5,2.900333,N/A
45,142.250.192.110,google.com,2025-04-16 20:59:54,3,172.16.4.4,7.956333,N/A
45,142.250.192.110,google.com,2025-04-16 20:59:54,4,14.139.98.1,47.380000,N/A
45,142.250.192.110,google.com,2025-04-16 20:59:54,5,10.117.81.253,4.845333,N/A
45,142.250.192.110,google.com,2025-04-16 20:59:54,6,10.154.8.137,17.274000,N/A
45,142.250.192.110,google.com,2025-04-16 20:59:54,7,10.255.239.170,14.972000,N/A
45,142.250.192.110,google.com,2025-04-16 20:59:54,8,10.152.7.214,28.716000,N/A
45,142.250.192.110,google.com,2025-04-16 20:59:54,9,72.14.204.62,15.103000,N/A
45,142.250.192.110,google.com,2025-04-16 20:59:54,11,172.253.50.146,42.604667,N/A
45,142.250.192.110,google.com,2025-04-16 20:59:54,12,72.14.237.11,17.096000,N/A
45,142.250.192.110,google.com,2025-04-16 20:59:54,13,142.250.192.110,15.346667,N/A
1,172.64.155.209,chatgpt.com,2025-04-16 21:01:14,1,172.29.144.1,0.385333,N/A
1,172.64.155.209,chatgpt.com,2025-04-16 21:01:14,2,10.7.0.5,7.970000,N/A
1,172.64.155.209,chatgpt.com,2025-04-16 21:01:14,3,172.16.4.4,8.171333,N/A
1,172.64.155.209,chatgpt.com,2025-04-16 21:01:14,4,14.139.98.1,19.977667,N/A
1,172.64.155.209,chatgpt.com,2025-04-16 21:01:14,5,10.117.81.253,4.325000,N/A
1,172.64.155.209,chatgpt.com,2025-04-16 21:01:14,6,10.154.8.137,15.604000,N/A
1,172.64.155.209,chatgpt.com,2025-04-16 21:01:14,7,10.255.239.170,14.532333,N/A
1,172.64.155.209,chatgpt.com,2025-04-16 21:01:14,8,10.152.7.38,14.855667,N/A
1,172.64.155.209,chatgpt.com,2025-04-16 21:01:14,9,115.247.69.85,21.488667,N/A
1,172.64.155.209,chatgpt.com,2025-04-16 21:01:14,14,162.158.226.67,64.350000,N/A
1,172.64.155.209,chatgpt.com,2025-04-16 21:01:14,15,162.158.226.67,83.427000,N/A
1,172.64.155.209,chatgpt.com,2025-04-16 21:01:14,16,104.18.32.47,21.321333,N/A
16,8.8.8.8,8.8.8.8,2025-04-16 21:10:37,1,172.29.144.1,0.470333,N/A
16,8.8.8.8,8.8.8.8,2025-04-16 21:10:37,2,10.7.0.5,2.302667,N/A
16,8.8.8.8,8.8.8.8,2025-04-16 21:10:37,3,172.16.4.4,3.384667,N/A
16,8.8.8.8,8.8.8.8,2025-04-16 21:10:37,4,14.139.98.1,4.606000,N/A
16,8.8.8.8,8.8.8.8,2025-04-16 21:10:37,5,10.117.81.253,2.157667,N/A
16,8.8.8.8,8.8.8.8,2025-04-16 21:10:37,6,10.154.8.137,14.786667,N/A
16,8.8.8.8,8.8.8.8,2025-04-16 21:10:37,7,10.255.239.170,14.005333,N/A
16,8.8.8.8,8.8.8.8,2025-04-16 21:10:37,8,10.152.7.214,16.434667,N/A
16,8.8.8.8,8.8.8.8,2025-04-16 21:10:37,9,72.14.204.62,12.713000,N/A
16,8.8.8.8,8.8.8.8,2025-04-16 21:10:37,10,142.251.76.27,15.356000,N/A
16,8.8.8.8,8.8.8.8,2025-04-16 21:10:37,11,142.250.238.203,14.355667,N/A
16,8.8.8.8,8.8.8.8,2025-04-16 21:10:37,12,8.8.8.8,13.358333,N/A
17,8.8.8.8,8.8.8.8,2025-04-16 21:12:30,1,172.29.144.1,0.572667,N/A
17,8.8.8.8,8.8.8.8,2025-04-16 21:12:30,2,10.7.0.5,5.305667,N/A
17,8.8.8.8,8.8.8.8,2025-04-16 21:12:30,3,172.16.4.4,4.517333,N/A
17,8.8.8.8,8.8.8.8,2025-04-16 21:12:30,4,14.139.98.1,5.046000,N/A
17,8.8.8.8,8.8.8.8,2025-04-16 21:12:30,5,10.117.81.253,2.955333,N/A
17,8.8.8.8,8.8.8.8,2025-04-16 21:12:30,6,10.154.8.137,13.202333,N/A
17,8.8.8.8,8.8.8.8,2025-04-16 21:12:30,7,10.255.239.170,13.738667,N/A
17,8.8.8.8,8.8.8.8,2025-04-16 21:12:30,8,10.152.7.214,16.934333,N/A
17,8.8.8.8,8.8.8.8,2025-04-16 21:12:30,9,72.14.204.62,14.337000,N/A
17,8.8.8.8,8.8.8.8,2025-04-16 21:12:30,10,142.251.76.27,13.689333,N/A
17,8.8.8.8,8.8.8.8,2025-04-16 21:12:30,11,142.250.238.203,17.183000,N/A
17,8.8.8.8,8.8.8.8,2025-04-16 21:12:30,12,8.8.8.8,16.553333,N/A
18,8.8.8.8,8.8.8.8,2025-04-16 21:14:41,1,172.29.144.1,0.472000,N/A
18,8.8.8.8,8.8.8.8,2025-04-16 21:14:41,2,10.7.0.5,4.931667,N/A
18,8.8.8.8,8.8.8.8,2025-04-16 21:14:41,3,172.16.4.4,2.861667,N/A
18,8.8.8.8,8.8.8.8,2025-04-16 21:14:41,4,14.139.98.1,5.515667,N/A
18,8.8.8.8,8.8.8.8,2025-04-16 21:14:41,5,10.117.81.253,6.687000,N/A
18,8.8.8.8,8.8.8.8,2025-04-16 21:14:41,6,10.154.8.137,12.802000,N/A
18,8.8.8.8,8.8.8.8,2025-04-16 21:14:41,7,10.255.239.170,12.332000,N/A
18,8.8.8.8,8.8.8.8,2025-04-16 21:14:41,8,10.152.7.214,16.546333,N/A
18,8.8.8.8,8.8.8.8,2025-04-16 21:14:41,9,72.14.204.62,12.935333,N/A
18,8.8.8.8,8.8.8.8,2025-04-16 21:14:41,10,142.251.76.27,14.670000,N/A
18,8.8.8.8,8.8.8.8,2025-04-16 21:14:41,11,142.250.238.203,14.362333,N/A
18,8.8.8.8,8.8.8.8,2025-04-16 21:14:41,12,8.8.8.8,41.558333,N/A
46,142.250.199.142,google.com,2025-04-16 21:31:49,1,172.29.144.1,0.459667,N/A
46,142.250.199.142,google.com,2025-04-16 21:31:49,2,10.7.0.5,40.399333,N/A
46,142.250.199.142,google.com,2025-04-16 21:31:49,3,172.16.4.4,4.125333,N/A
46,142.250.199.142,google.com,2025-04-16 21:31:49,4,14.139.98.1,5.123667,N/A
46,142.250.199.142,google.com,2025-04-16 21:31:49,5,10.117.81.253,11.138000,N/A
46,142.250.199.142,google.com,2025-04-16 21:31:49,6,10.154.8.137,13.969333,N/A
46,142.250.199.142,google.com,2025-04-16 21:31:49,7,10.255.239.170,14.184000,N/A
46,142.250.199.142,google.com,2025-04-16 21:31:49,8,10.152.7.214,18.100667,N/A
46,142.250.199.142,google.com,2025-04-16 21:31:49,9,142.250.172.80,18.276000,N/A
46,142.250.199.142,google.com,2025-04-16 21:31:49,10,142.251.76.23,19.288000,N/A
46,142.250.199.142,google.com,2025-04-16 21:31:49,11,142.251.77.101,18.847667,N/A
46,142.250.199.142,google.com,2025-04-16 21:31:49,12,142.250.199.142,12.556667,N/A
47,142.250.182.174,google.com,2025-04-16 21:33:01,1,172.29.144.1,0.502333,N/A
47,142.250.182.174,google.com,2025-04-16 21:33:01,2,10.7.0.5,2.251333,N/A
47,142.250.182.174,google.com,2025-04-16 21:33:01,3,172.16.4.4,9.237667,N/A
47,142.250.182.174,google.com,2025-04-16 21:33:01,4,14.139.98.1,9.039667,N/A
47,142.250.182.174,google.com,2025-04-16 21:33:01,5,10.117.81.253,4.343333,N/A
47,142.250.182.174,google.com,2025-04-16 21:33:01,6,10.154.8.137,14.291667,N/A
47,142.250.182.174,google.com,2025-04-16 21:33:01,7,10.255.239.170,18.014667,N/A
47,142.250.182.174,google.com,2025-04-16 21:33:01,8,10.152.7.214,22.841333,N/A
47,142.250.182.174,google.com,2025-04-16 21:33:01,9,142.250.172.80,16.757000,N/A
47,142.250.182.174,google.com,2025-04-16 21:33:01,11,142.250.238.202,20.772000,N/A
47,142.250.182.174,google.com,2025-04-16 21:33:01,12,192.178.110.110,15.368667,N/A
47,142.250.182.174,google.com,2025-04-16 21:33:01,13,192.178.251.217,39.135000,N/A
47,142.250.182.174,google.com,2025-04-16 21:33:01,14,72.14.233.107,138.163333,N/A
47,142.250.182.174,google.com,2025-04-16 21:33:01,15,209.85.250.57,101.224000,N/A
47,142.250.182.174,google.com,2025-04-16 21:33:01,16,142.251.255.57,140.500000,N/A
47,142.250.182.174,google.com,2025-04-16 21:33:01,17,142.250.182.174,104.339667,N/A
5,10.0.137.79,ims.iitgn.ac.in,2025-04-16 21:34:51,1,172.29.144.1,0.564500,N/A
5,10.0.137.79,ims.iitgn.ac.in,2025-04-16 21:34:51,2,10.7.0.5,5.004000,N/A
5,10.0.137.79,ims.iitgn.ac.in,2025-04-16 21:34:51,3,10.0.137.79,4.781333,N/A
6,10.0.137.79,ims.iitgn.ac.in,2025-04-16 21:36:43,1,172.29.144.1,0.374667,N/A
6,10.0.137.79,ims.iitgn.ac.in,2025-04-16 21:36:43,2,10.7.0.5,3.501000,N/A
6,10.0.137.79,ims.iitgn.ac.in,2025-04-16 21:36:43,3,10.0.137.79,3.537667,N/A
7,10.0.137.79,ims.iitgn.ac.in,2025-04-16 21:36:53,1,172.29.144.1,0.357000,N/A
7,10.0.137.79,ims.iitgn.ac.in,2025-04-16 21:36:53,2,10.7.0.5,8.109667,N/A
7,10.0.137.79,ims.iitgn.ac.in,2025-04-16 21:36:53,3,10.0.137.79,5.663000,N/A
8,10.0.137.79,ims.iitgn.ac.in,2025-04-16 21:38:51,1,172.29.144.1,0.614667,N/A
8,10.0.137.79,ims.iitgn.ac.in,2025-04-16 21:38:51,2,10.7.0.5,3.302333,N/A
8,10.0.137.79,ims.iitgn.ac.in,2025-04-16 21:38:51,3,10.0.137.79,2.942000,N/A
9,10.0.137.79,ims.iitgn.ac.in,2025-04-16 21:40:54,1,172.29.144.1,0.521667,N/A
9,10.0.137.79,ims.iitgn.ac.in,2025-04-16 21:40:54,2,10.7.0.5,2.417333,N/A
9,10.0.137.79,ims.iitgn.ac.in,2025-04-16 21:40:54,3,10.0.137.79,1.949667,N/A
10,10.0.137.79,ims.iitgn.ac.in,2025-04-16 21:44:07,1,172.29.144.1,0.459000,N/A
10,10.0.137.79,ims.iitgn.ac.in,2025-04-16 21:44:07,2,10.7.0.5,3.011333,N/A
10,10.0.137.79,ims.iitgn.ac.in,2025-04-16 21:44:07,3,10.0.137.79,3.059000,N/A
11,10.0.137.79,ims.iitgn.ac.in,2025-04-16 21:44:20,1,172.29.144.1,0.351333,N/A
11,10.0.137.79,ims.iitgn.ac.in,2025-04-16 21:44:20,2,10.7.0.5,2.390333,N/A
11,10.0.137.79,ims.iitgn.ac.in,2025-04-16 21:44:20,3,10.0.137.79,2.448667,N/A
